26-01-12.00:00:00.004 [scheduling-1    ] INFO  NoPayNotifyOrderJob    - 任务；检测未接收到或未正确处理的支付回调通知
26-01-12.00:00:00.044 [scheduling-1    ] INFO  TimeoutCloseOrderJob   - 任务：超时30分钟，订单关闭
26-01-12.00:00:00.046 [scheduling-1    ] INFO  TimeoutCloseOrderJob   - 暂无超时订单
26-01-12.00:00:03.005 [scheduling-1    ] INFO  NoPayNotifyOrderJob    - 任务；检测未接收到或未正确处理的支付回调通知
26-01-12.00:00:06.003 [scheduling-1    ] INFO  NoPayNotifyOrderJob    - 任务；检测未接收到或未正确处理的支付回调通知
26-01-12.00:00:09.000 [scheduling-1    ] INFO  NoPayNotifyOrderJob    - 任务；检测未接收到或未正确处理的支付回调通知
26-01-12.00:00:12.001 [scheduling-1    ] INFO  NoPayNotifyOrderJob    - 任务；检测未接收到或未正确处理的支付回调通知
26-01-12.00:00:15.004 [scheduling-1    ] INFO  NoPayNotifyOrderJob    - 任务；检测未接收到或未正确处理的支付回调通知
26-01-12.00:00:18.002 [scheduling-1    ] INFO  NoPayNotifyOrderJob    - 任务；检测未接收到或未正确处理的支付回调通知
26-01-12.00:00:21.005 [scheduling-1    ] INFO  NoPayNotifyOrderJob    - 任务；检测未接收到或未正确处理的支付回调通知
26-01-12.00:00:24.004 [scheduling-1    ] INFO  NoPayNotifyOrderJob    - 任务；检测未接收到或未正确处理的支付回调通知
26-01-12.00:00:27.002 [scheduling-1    ] INFO  NoPayNotifyOrderJob    - 任务；检测未接收到或未正确处理的支付回调通知
26-01-12.00:00:30.004 [scheduling-1    ] INFO  NoPayNotifyOrderJob    - 任务；检测未接收到或未正确处理的支付回调通知
26-01-12.00:00:33.003 [scheduling-1    ] INFO  NoPayNotifyOrderJob    - 任务；检测未接收到或未正确处理的支付回调通知
26-01-12.00:00:36.005 [scheduling-1    ] INFO  NoPayNotifyOrderJob    - 任务；检测未接收到或未正确处理的支付回调通知
26-01-12.00:00:39.004 [scheduling-1    ] INFO  NoPayNotifyOrderJob    - 任务；检测未接收到或未正确处理的支付回调通知
26-01-12.00:00:42.002 [scheduling-1    ] INFO  NoPayNotifyOrderJob    - 任务；检测未接收到或未正确处理的支付回调通知
26-01-12.00:00:45.003 [scheduling-1    ] INFO  NoPayNotifyOrderJob    - 任务；检测未接收到或未正确处理的支付回调通知
26-01-12.00:00:48.002 [scheduling-1    ] INFO  NoPayNotifyOrderJob    - 任务；检测未接收到或未正确处理的支付回调通知
26-01-12.00:00:51.004 [scheduling-1    ] INFO  NoPayNotifyOrderJob    - 任务；检测未接收到或未正确处理的支付回调通知
26-01-12.00:00:54.002 [scheduling-1    ] INFO  NoPayNotifyOrderJob    - 任务；检测未接收到或未正确处理的支付回调通知
26-01-12.00:00:57.006 [scheduling-1    ] INFO  NoPayNotifyOrderJob    - 任务；检测未接收到或未正确处理的支付回调通知
26-01-12.00:01:00.002 [scheduling-1    ] INFO  NoPayNotifyOrderJob    - 任务；检测未接收到或未正确处理的支付回调通知
26-01-12.00:01:03.003 [scheduling-1    ] INFO  NoPayNotifyOrderJob    - 任务；检测未接收到或未正确处理的支付回调通知
26-01-12.00:01:06.005 [scheduling-1    ] INFO  NoPayNotifyOrderJob    - 任务；检测未接收到或未正确处理的支付回调通知
26-01-12.00:01:09.002 [scheduling-1    ] INFO  NoPayNotifyOrderJob    - 任务；检测未接收到或未正确处理的支付回调通知
26-01-12.00:01:12.005 [scheduling-1    ] INFO  NoPayNotifyOrderJob    - 任务；检测未接收到或未正确处理的支付回调通知
26-01-12.00:01:12.825 [SpringApplicationShutdownHook] INFO  HikariDataSource       - HikariPool-1 - Shutdown initiated...
26-01-12.00:01:12.857 [SpringApplicationShutdownHook] INFO  HikariDataSource       - HikariPool-1 - Shutdown completed.
26-01-12.00:01:15.904 [main            ] INFO  Application            - Starting Application using Java 1.8.0_471 on HanMacBook-Pro.local with PID 60869 (/Users/vvd/1024/Java-Project/s-pay-mall-mvc-vvd/s-pay-mall-web/target/classes started by vvd in /Users/vvd/1024/Java-Project/s-pay-mall-mvc-vvd)
26-01-12.00:01:15.906 [main            ] INFO  Application            - The following 1 profile is active: "dev"
26-01-12.00:01:16.579 [main            ] INFO  TomcatWebServer        - Tomcat initialized with port(s): 8080 (http)
26-01-12.00:01:16.587 [main            ] INFO  Http11NioProtocol      - Initializing ProtocolHandler ["http-nio-8080"]
26-01-12.00:01:16.588 [main            ] INFO  StandardService        - Starting service [Tomcat]
26-01-12.00:01:16.588 [main            ] INFO  StandardEngine         - Starting Servlet engine: [Apache Tomcat/9.0.75]
26-01-12.00:01:16.723 [main            ] INFO  [/]                    - Initializing Spring embedded WebApplicationContext
26-01-12.00:01:16.723 [main            ] INFO  ServletWebServerApplicationContext - Root WebApplicationContext: initialization completed in 787 ms
26-01-12.00:01:17.613 [main            ] INFO  Http11NioProtocol      - Starting ProtocolHandler ["http-nio-8080"]
26-01-12.00:01:17.638 [main            ] INFO  TomcatWebServer        - Tomcat started on port(s): 8080 (http) with context path ''
26-01-12.00:01:17.650 [main            ] INFO  Application            - Started Application in 2.024 seconds (JVM running for 2.634)
26-01-12.00:01:18.004 [scheduling-1    ] INFO  NoPayNotifyOrderJob    - 任务；检测未接收到或未正确处理的支付回调通知
26-01-12.00:01:18.046 [scheduling-1    ] INFO  HikariDataSource       - HikariPool-1 - Starting...
26-01-12.00:01:18.501 [scheduling-1    ] INFO  HikariDataSource       - HikariPool-1 - Start completed.
26-01-12.00:01:21.005 [scheduling-1    ] INFO  NoPayNotifyOrderJob    - 任务；检测未接收到或未正确处理的支付回调通知
26-01-12.00:01:24.001 [scheduling-1    ] INFO  NoPayNotifyOrderJob    - 任务；检测未接收到或未正确处理的支付回调通知
26-01-12.00:01:27.005 [scheduling-1    ] INFO  NoPayNotifyOrderJob    - 任务；检测未接收到或未正确处理的支付回调通知
26-01-12.00:01:30.005 [scheduling-1    ] INFO  NoPayNotifyOrderJob    - 任务；检测未接收到或未正确处理的支付回调通知
26-01-12.00:01:33.005 [scheduling-1    ] INFO  NoPayNotifyOrderJob    - 任务；检测未接收到或未正确处理的支付回调通知
26-01-12.00:01:34.118 [http-nio-8080-exec-2] INFO  [/]                    - Initializing Spring DispatcherServlet 'dispatcherServlet'
26-01-12.00:01:34.118 [http-nio-8080-exec-2] INFO  DispatcherServlet      - Initializing Servlet 'dispatcherServlet'
26-01-12.00:01:34.121 [http-nio-8080-exec-2] INFO  DispatcherServlet      - Completed initialization in 3 ms
26-01-12.00:01:34.348 [http-nio-8080-exec-2] INFO  AliPayController       - 商品下单，根据商品ID创建支付单开始 userId:ceshi6 productId:ceshi6
26-01-12.00:01:34.617 [http-nio-8080-exec-2] INFO  AliPayController       - 商品下单，根据商品ID创建支付单完成 userId:ceshi6 productId:12441365242 orderId:3807855551604880
26-01-12.00:01:36.003 [scheduling-1    ] INFO  NoPayNotifyOrderJob    - 任务；检测未接收到或未正确处理的支付回调通知
26-01-12.00:01:39.003 [scheduling-1    ] INFO  NoPayNotifyOrderJob    - 任务；检测未接收到或未正确处理的支付回调通知
26-01-12.00:01:42.002 [scheduling-1    ] INFO  NoPayNotifyOrderJob    - 任务；检测未接收到或未正确处理的支付回调通知
26-01-12.00:01:45.006 [scheduling-1    ] INFO  NoPayNotifyOrderJob    - 任务；检测未接收到或未正确处理的支付回调通知
26-01-12.00:01:48.003 [scheduling-1    ] INFO  NoPayNotifyOrderJob    - 任务；检测未接收到或未正确处理的支付回调通知
26-01-12.00:01:51.002 [scheduling-1    ] INFO  NoPayNotifyOrderJob    - 任务；检测未接收到或未正确处理的支付回调通知
26-01-12.00:01:54.001 [scheduling-1    ] INFO  NoPayNotifyOrderJob    - 任务；检测未接收到或未正确处理的支付回调通知
26-01-12.00:01:57.004 [scheduling-1    ] INFO  NoPayNotifyOrderJob    - 任务；检测未接收到或未正确处理的支付回调通知
26-01-12.00:02:00.005 [scheduling-1    ] INFO  NoPayNotifyOrderJob    - 任务；检测未接收到或未正确处理的支付回调通知
26-01-12.00:02:03.004 [scheduling-1    ] INFO  NoPayNotifyOrderJob    - 任务；检测未接收到或未正确处理的支付回调通知
26-01-12.00:02:06.004 [scheduling-1    ] INFO  NoPayNotifyOrderJob    - 任务；检测未接收到或未正确处理的支付回调通知
26-01-12.00:02:09.003 [scheduling-1    ] INFO  NoPayNotifyOrderJob    - 任务；检测未接收到或未正确处理的支付回调通知
26-01-12.00:02:12.004 [scheduling-1    ] INFO  NoPayNotifyOrderJob    - 任务；检测未接收到或未正确处理的支付回调通知
26-01-12.00:02:15.005 [scheduling-1    ] INFO  NoPayNotifyOrderJob    - 任务；检测未接收到或未正确处理的支付回调通知
26-01-12.00:02:18.004 [scheduling-1    ] INFO  NoPayNotifyOrderJob    - 任务；检测未接收到或未正确处理的支付回调通知
26-01-12.00:02:21.005 [scheduling-1    ] INFO  NoPayNotifyOrderJob    - 任务；检测未接收到或未正确处理的支付回调通知
26-01-12.00:02:24.002 [scheduling-1    ] INFO  NoPayNotifyOrderJob    - 任务；检测未接收到或未正确处理的支付回调通知
26-01-12.00:02:27.005 [scheduling-1    ] INFO  NoPayNotifyOrderJob    - 任务；检测未接收到或未正确处理的支付回调通知
26-01-12.00:02:30.005 [scheduling-1    ] INFO  NoPayNotifyOrderJob    - 任务；检测未接收到或未正确处理的支付回调通知
26-01-12.00:02:33.005 [scheduling-1    ] INFO  NoPayNotifyOrderJob    - 任务；检测未接收到或未正确处理的支付回调通知
26-01-12.00:02:36.005 [scheduling-1    ] INFO  NoPayNotifyOrderJob    - 任务；检测未接收到或未正确处理的支付回调通知
26-01-12.00:02:39.005 [scheduling-1    ] INFO  NoPayNotifyOrderJob    - 任务；检测未接收到或未正确处理的支付回调通知
26-01-12.00:02:42.000 [scheduling-1    ] INFO  NoPayNotifyOrderJob    - 任务；检测未接收到或未正确处理的支付回调通知
26-01-12.00:02:45.003 [scheduling-1    ] INFO  NoPayNotifyOrderJob    - 任务；检测未接收到或未正确处理的支付回调通知
26-01-12.00:02:48.003 [scheduling-1    ] INFO  NoPayNotifyOrderJob    - 任务；检测未接收到或未正确处理的支付回调通知
26-01-12.00:02:51.005 [scheduling-1    ] INFO  NoPayNotifyOrderJob    - 任务；检测未接收到或未正确处理的支付回调通知
26-01-12.00:02:54.001 [scheduling-1    ] INFO  NoPayNotifyOrderJob    - 任务；检测未接收到或未正确处理的支付回调通知
26-01-12.00:02:57.003 [scheduling-1    ] INFO  NoPayNotifyOrderJob    - 任务；检测未接收到或未正确处理的支付回调通知
26-01-12.00:03:00.002 [scheduling-1    ] INFO  NoPayNotifyOrderJob    - 任务；检测未接收到或未正确处理的支付回调通知
26-01-12.00:03:03.005 [scheduling-1    ] INFO  NoPayNotifyOrderJob    - 任务；检测未接收到或未正确处理的支付回调通知
26-01-12.00:03:06.001 [scheduling-1    ] INFO  NoPayNotifyOrderJob    - 任务；检测未接收到或未正确处理的支付回调通知
26-01-12.00:03:09.005 [scheduling-1    ] INFO  NoPayNotifyOrderJob    - 任务；检测未接收到或未正确处理的支付回调通知
26-01-12.00:03:12.003 [scheduling-1    ] INFO  NoPayNotifyOrderJob    - 任务；检测未接收到或未正确处理的支付回调通知
26-01-12.00:03:15.003 [scheduling-1    ] INFO  NoPayNotifyOrderJob    - 任务；检测未接收到或未正确处理的支付回调通知
26-01-12.00:03:18.004 [scheduling-1    ] INFO  NoPayNotifyOrderJob    - 任务；检测未接收到或未正确处理的支付回调通知
26-01-12.00:03:21.005 [scheduling-1    ] INFO  NoPayNotifyOrderJob    - 任务；检测未接收到或未正确处理的支付回调通知
26-01-12.00:03:24.005 [scheduling-1    ] INFO  NoPayNotifyOrderJob    - 任务；检测未接收到或未正确处理的支付回调通知
26-01-12.00:03:27.005 [scheduling-1    ] INFO  NoPayNotifyOrderJob    - 任务；检测未接收到或未正确处理的支付回调通知
26-01-12.00:03:30.004 [scheduling-1    ] INFO  NoPayNotifyOrderJob    - 任务；检测未接收到或未正确处理的支付回调通知
26-01-12.00:03:33.004 [scheduling-1    ] INFO  NoPayNotifyOrderJob    - 任务；检测未接收到或未正确处理的支付回调通知
26-01-12.00:03:36.001 [scheduling-1    ] INFO  NoPayNotifyOrderJob    - 任务；检测未接收到或未正确处理的支付回调通知
26-01-12.00:03:39.004 [scheduling-1    ] INFO  NoPayNotifyOrderJob    - 任务；检测未接收到或未正确处理的支付回调通知
26-01-12.00:03:42.005 [scheduling-1    ] INFO  NoPayNotifyOrderJob    - 任务；检测未接收到或未正确处理的支付回调通知
26-01-12.00:03:45.005 [scheduling-1    ] INFO  NoPayNotifyOrderJob    - 任务；检测未接收到或未正确处理的支付回调通知
26-01-12.00:03:48.006 [scheduling-1    ] INFO  NoPayNotifyOrderJob    - 任务；检测未接收到或未正确处理的支付回调通知
26-01-12.00:03:51.004 [scheduling-1    ] INFO  NoPayNotifyOrderJob    - 任务；检测未接收到或未正确处理的支付回调通知
26-01-12.00:03:54.006 [scheduling-1    ] INFO  NoPayNotifyOrderJob    - 任务；检测未接收到或未正确处理的支付回调通知
26-01-12.00:03:57.005 [scheduling-1    ] INFO  NoPayNotifyOrderJob    - 任务；检测未接收到或未正确处理的支付回调通知
26-01-12.00:04:00.004 [scheduling-1    ] INFO  NoPayNotifyOrderJob    - 任务；检测未接收到或未正确处理的支付回调通知
26-01-12.00:04:03.004 [scheduling-1    ] INFO  NoPayNotifyOrderJob    - 任务；检测未接收到或未正确处理的支付回调通知
26-01-12.00:04:06.005 [scheduling-1    ] INFO  NoPayNotifyOrderJob    - 任务；检测未接收到或未正确处理的支付回调通知
26-01-12.00:04:09.004 [scheduling-1    ] INFO  NoPayNotifyOrderJob    - 任务；检测未接收到或未正确处理的支付回调通知
26-01-12.00:04:12.004 [scheduling-1    ] INFO  NoPayNotifyOrderJob    - 任务；检测未接收到或未正确处理的支付回调通知
26-01-12.00:04:15.002 [scheduling-1    ] INFO  NoPayNotifyOrderJob    - 任务；检测未接收到或未正确处理的支付回调通知
26-01-12.00:04:18.004 [scheduling-1    ] INFO  NoPayNotifyOrderJob    - 任务；检测未接收到或未正确处理的支付回调通知
26-01-12.00:04:21.001 [scheduling-1    ] INFO  NoPayNotifyOrderJob    - 任务；检测未接收到或未正确处理的支付回调通知
26-01-12.00:04:24.004 [scheduling-1    ] INFO  NoPayNotifyOrderJob    - 任务；检测未接收到或未正确处理的支付回调通知
26-01-12.00:04:27.002 [scheduling-1    ] INFO  NoPayNotifyOrderJob    - 任务；检测未接收到或未正确处理的支付回调通知
26-01-12.00:04:30.001 [scheduling-1    ] INFO  NoPayNotifyOrderJob    - 任务；检测未接收到或未正确处理的支付回调通知
26-01-12.00:04:33.005 [scheduling-1    ] INFO  NoPayNotifyOrderJob    - 任务；检测未接收到或未正确处理的支付回调通知
26-01-12.00:04:36.003 [scheduling-1    ] INFO  NoPayNotifyOrderJob    - 任务；检测未接收到或未正确处理的支付回调通知
26-01-12.00:04:39.005 [scheduling-1    ] INFO  NoPayNotifyOrderJob    - 任务；检测未接收到或未正确处理的支付回调通知
26-01-12.00:04:42.005 [scheduling-1    ] INFO  NoPayNotifyOrderJob    - 任务；检测未接收到或未正确处理的支付回调通知
26-01-12.00:04:45.003 [scheduling-1    ] INFO  NoPayNotifyOrderJob    - 任务；检测未接收到或未正确处理的支付回调通知
26-01-12.00:04:48.002 [scheduling-1    ] INFO  NoPayNotifyOrderJob    - 任务；检测未接收到或未正确处理的支付回调通知
26-01-12.00:04:51.002 [scheduling-1    ] INFO  NoPayNotifyOrderJob    - 任务；检测未接收到或未正确处理的支付回调通知
26-01-12.00:04:54.006 [scheduling-1    ] INFO  NoPayNotifyOrderJob    - 任务；检测未接收到或未正确处理的支付回调通知
26-01-12.00:04:57.004 [scheduling-1    ] INFO  NoPayNotifyOrderJob    - 任务；检测未接收到或未正确处理的支付回调通知
26-01-12.00:05:00.004 [scheduling-1    ] INFO  NoPayNotifyOrderJob    - 任务；检测未接收到或未正确处理的支付回调通知
26-01-12.00:05:03.003 [scheduling-1    ] INFO  NoPayNotifyOrderJob    - 任务；检测未接收到或未正确处理的支付回调通知
26-01-12.00:05:06.001 [scheduling-1    ] INFO  NoPayNotifyOrderJob    - 任务；检测未接收到或未正确处理的支付回调通知
26-01-12.00:05:09.006 [scheduling-1    ] INFO  NoPayNotifyOrderJob    - 任务；检测未接收到或未正确处理的支付回调通知
26-01-12.00:05:12.003 [scheduling-1    ] INFO  NoPayNotifyOrderJob    - 任务；检测未接收到或未正确处理的支付回调通知
26-01-12.00:05:15.005 [scheduling-1    ] INFO  NoPayNotifyOrderJob    - 任务；检测未接收到或未正确处理的支付回调通知
26-01-12.00:05:18.001 [scheduling-1    ] INFO  NoPayNotifyOrderJob    - 任务；检测未接收到或未正确处理的支付回调通知
26-01-12.00:05:21.005 [scheduling-1    ] INFO  NoPayNotifyOrderJob    - 任务；检测未接收到或未正确处理的支付回调通知
26-01-12.00:05:24.005 [scheduling-1    ] INFO  NoPayNotifyOrderJob    - 任务；检测未接收到或未正确处理的支付回调通知
26-01-12.00:05:27.004 [scheduling-1    ] INFO  NoPayNotifyOrderJob    - 任务；检测未接收到或未正确处理的支付回调通知
26-01-12.00:05:30.005 [scheduling-1    ] INFO  NoPayNotifyOrderJob    - 任务；检测未接收到或未正确处理的支付回调通知
26-01-12.00:05:33.001 [scheduling-1    ] INFO  NoPayNotifyOrderJob    - 任务；检测未接收到或未正确处理的支付回调通知
26-01-12.00:05:36.005 [scheduling-1    ] INFO  NoPayNotifyOrderJob    - 任务；检测未接收到或未正确处理的支付回调通知
26-01-12.00:05:39.004 [scheduling-1    ] INFO  NoPayNotifyOrderJob    - 任务；检测未接收到或未正确处理的支付回调通知
26-01-12.00:05:42.004 [scheduling-1    ] INFO  NoPayNotifyOrderJob    - 任务；检测未接收到或未正确处理的支付回调通知
26-01-12.00:05:45.005 [scheduling-1    ] INFO  NoPayNotifyOrderJob    - 任务；检测未接收到或未正确处理的支付回调通知
26-01-12.00:05:48.004 [scheduling-1    ] INFO  NoPayNotifyOrderJob    - 任务；检测未接收到或未正确处理的支付回调通知
26-01-12.00:05:51.005 [scheduling-1    ] INFO  NoPayNotifyOrderJob    - 任务；检测未接收到或未正确处理的支付回调通知
26-01-12.00:05:54.005 [scheduling-1    ] INFO  NoPayNotifyOrderJob    - 任务；检测未接收到或未正确处理的支付回调通知
26-01-12.00:05:57.004 [scheduling-1    ] INFO  NoPayNotifyOrderJob    - 任务；检测未接收到或未正确处理的支付回调通知
26-01-12.00:06:00.005 [scheduling-1    ] INFO  NoPayNotifyOrderJob    - 任务；检测未接收到或未正确处理的支付回调通知
26-01-12.00:06:03.002 [scheduling-1    ] INFO  NoPayNotifyOrderJob    - 任务；检测未接收到或未正确处理的支付回调通知
26-01-12.00:06:06.005 [scheduling-1    ] INFO  NoPayNotifyOrderJob    - 任务；检测未接收到或未正确处理的支付回调通知
26-01-12.00:06:09.006 [scheduling-1    ] INFO  NoPayNotifyOrderJob    - 任务；检测未接收到或未正确处理的支付回调通知
26-01-12.00:06:12.004 [scheduling-1    ] INFO  NoPayNotifyOrderJob    - 任务；检测未接收到或未正确处理的支付回调通知
26-01-12.00:06:15.005 [scheduling-1    ] INFO  NoPayNotifyOrderJob    - 任务；检测未接收到或未正确处理的支付回调通知
26-01-12.00:06:18.001 [scheduling-1    ] INFO  NoPayNotifyOrderJob    - 任务；检测未接收到或未正确处理的支付回调通知
26-01-12.00:06:21.001 [scheduling-1    ] INFO  NoPayNotifyOrderJob    - 任务；检测未接收到或未正确处理的支付回调通知
26-01-12.00:06:24.005 [scheduling-1    ] INFO  NoPayNotifyOrderJob    - 任务；检测未接收到或未正确处理的支付回调通知
26-01-12.00:06:27.005 [scheduling-1    ] INFO  NoPayNotifyOrderJob    - 任务；检测未接收到或未正确处理的支付回调通知
26-01-12.00:06:30.005 [scheduling-1    ] INFO  NoPayNotifyOrderJob    - 任务；检测未接收到或未正确处理的支付回调通知
26-01-12.00:06:33.005 [scheduling-1    ] INFO  NoPayNotifyOrderJob    - 任务；检测未接收到或未正确处理的支付回调通知
26-01-12.00:06:36.005 [scheduling-1    ] INFO  NoPayNotifyOrderJob    - 任务；检测未接收到或未正确处理的支付回调通知
26-01-12.00:06:39.006 [scheduling-1    ] INFO  NoPayNotifyOrderJob    - 任务；检测未接收到或未正确处理的支付回调通知
26-01-12.00:06:42.004 [scheduling-1    ] INFO  NoPayNotifyOrderJob    - 任务；检测未接收到或未正确处理的支付回调通知
26-01-12.00:06:45.003 [scheduling-1    ] INFO  NoPayNotifyOrderJob    - 任务；检测未接收到或未正确处理的支付回调通知
26-01-12.00:06:48.002 [scheduling-1    ] INFO  NoPayNotifyOrderJob    - 任务；检测未接收到或未正确处理的支付回调通知
26-01-12.00:06:51.004 [scheduling-1    ] INFO  NoPayNotifyOrderJob    - 任务；检测未接收到或未正确处理的支付回调通知
26-01-12.00:06:54.005 [scheduling-1    ] INFO  NoPayNotifyOrderJob    - 任务；检测未接收到或未正确处理的支付回调通知
26-01-12.00:06:57.002 [scheduling-1    ] INFO  NoPayNotifyOrderJob    - 任务；检测未接收到或未正确处理的支付回调通知
26-01-12.00:07:00.005 [scheduling-1    ] INFO  NoPayNotifyOrderJob    - 任务；检测未接收到或未正确处理的支付回调通知
26-01-12.00:07:03.004 [scheduling-1    ] INFO  NoPayNotifyOrderJob    - 任务；检测未接收到或未正确处理的支付回调通知
26-01-12.00:07:06.006 [scheduling-1    ] INFO  NoPayNotifyOrderJob    - 任务；检测未接收到或未正确处理的支付回调通知
26-01-12.00:07:09.003 [scheduling-1    ] INFO  NoPayNotifyOrderJob    - 任务；检测未接收到或未正确处理的支付回调通知
26-01-12.00:07:12.005 [scheduling-1    ] INFO  NoPayNotifyOrderJob    - 任务；检测未接收到或未正确处理的支付回调通知
26-01-12.00:07:15.003 [scheduling-1    ] INFO  NoPayNotifyOrderJob    - 任务；检测未接收到或未正确处理的支付回调通知
26-01-12.00:07:18.006 [scheduling-1    ] INFO  NoPayNotifyOrderJob    - 任务；检测未接收到或未正确处理的支付回调通知
26-01-12.00:07:21.002 [scheduling-1    ] INFO  NoPayNotifyOrderJob    - 任务；检测未接收到或未正确处理的支付回调通知
26-01-12.00:07:24.004 [scheduling-1    ] INFO  NoPayNotifyOrderJob    - 任务；检测未接收到或未正确处理的支付回调通知
26-01-12.00:07:27.005 [scheduling-1    ] INFO  NoPayNotifyOrderJob    - 任务；检测未接收到或未正确处理的支付回调通知
26-01-12.00:07:30.005 [scheduling-1    ] INFO  NoPayNotifyOrderJob    - 任务；检测未接收到或未正确处理的支付回调通知
26-01-12.00:07:33.005 [scheduling-1    ] INFO  NoPayNotifyOrderJob    - 任务；检测未接收到或未正确处理的支付回调通知
26-01-12.00:07:36.005 [scheduling-1    ] INFO  NoPayNotifyOrderJob    - 任务；检测未接收到或未正确处理的支付回调通知
26-01-12.00:07:39.005 [scheduling-1    ] INFO  NoPayNotifyOrderJob    - 任务；检测未接收到或未正确处理的支付回调通知
26-01-12.00:07:42.001 [scheduling-1    ] INFO  NoPayNotifyOrderJob    - 任务；检测未接收到或未正确处理的支付回调通知
26-01-12.00:07:45.004 [scheduling-1    ] INFO  NoPayNotifyOrderJob    - 任务；检测未接收到或未正确处理的支付回调通知
26-01-12.00:07:48.001 [scheduling-1    ] INFO  NoPayNotifyOrderJob    - 任务；检测未接收到或未正确处理的支付回调通知
26-01-12.00:07:51.005 [scheduling-1    ] INFO  NoPayNotifyOrderJob    - 任务；检测未接收到或未正确处理的支付回调通知
26-01-12.00:07:54.001 [scheduling-1    ] INFO  NoPayNotifyOrderJob    - 任务；检测未接收到或未正确处理的支付回调通知
26-01-12.00:07:57.001 [scheduling-1    ] INFO  NoPayNotifyOrderJob    - 任务；检测未接收到或未正确处理的支付回调通知
26-01-12.00:08:00.005 [scheduling-1    ] INFO  NoPayNotifyOrderJob    - 任务；检测未接收到或未正确处理的支付回调通知
26-01-12.00:08:03.003 [scheduling-1    ] INFO  NoPayNotifyOrderJob    - 任务；检测未接收到或未正确处理的支付回调通知
26-01-12.00:08:05.785 [SpringApplicationShutdownHook] INFO  HikariDataSource       - HikariPool-1 - Shutdown initiated...
26-01-12.00:08:05.834 [SpringApplicationShutdownHook] INFO  HikariDataSource       - HikariPool-1 - Shutdown completed.
26-01-12.00:08:07.496 [main            ] INFO  Application            - Starting Application using Java 1.8.0_471 on HanMacBook-Pro.local with PID 60947 (/Users/vvd/1024/Java-Project/s-pay-mall-mvc-vvd/s-pay-mall-web/target/classes started by vvd in /Users/vvd/1024/Java-Project/s-pay-mall-mvc-vvd)
26-01-12.00:08:07.499 [main            ] INFO  Application            - The following 1 profile is active: "dev"
26-01-12.00:08:08.124 [main            ] INFO  TomcatWebServer        - Tomcat initialized with port(s): 8080 (http)
26-01-12.00:08:08.131 [main            ] INFO  Http11NioProtocol      - Initializing ProtocolHandler ["http-nio-8080"]
26-01-12.00:08:08.131 [main            ] INFO  StandardService        - Starting service [Tomcat]
26-01-12.00:08:08.131 [main            ] INFO  StandardEngine         - Starting Servlet engine: [Apache Tomcat/9.0.75]
26-01-12.00:08:08.246 [main            ] INFO  [/]                    - Initializing Spring embedded WebApplicationContext
26-01-12.00:08:08.246 [main            ] INFO  ServletWebServerApplicationContext - Root WebApplicationContext: initialization completed in 711 ms
26-01-12.00:08:09.092 [main            ] INFO  Http11NioProtocol      - Starting ProtocolHandler ["http-nio-8080"]
26-01-12.00:08:09.114 [main            ] INFO  TomcatWebServer        - Tomcat started on port(s): 8080 (http) with context path ''
26-01-12.00:08:09.123 [main            ] INFO  Application            - Started Application in 1.931 seconds (JVM running for 2.527)
26-01-12.00:08:12.000 [scheduling-1    ] INFO  NoPayNotifyOrderJob    - 任务；检测未接收到或未正确处理的支付回调通知
26-01-12.00:08:12.028 [scheduling-1    ] INFO  HikariDataSource       - HikariPool-1 - Starting...
26-01-12.00:08:12.308 [scheduling-1    ] INFO  HikariDataSource       - HikariPool-1 - Start completed.
26-01-12.00:08:15.001 [scheduling-1    ] INFO  NoPayNotifyOrderJob    - 任务；检测未接收到或未正确处理的支付回调通知
26-01-12.00:08:18.005 [scheduling-1    ] INFO  NoPayNotifyOrderJob    - 任务；检测未接收到或未正确处理的支付回调通知
26-01-12.00:08:21.006 [scheduling-1    ] INFO  NoPayNotifyOrderJob    - 任务；检测未接收到或未正确处理的支付回调通知
26-01-12.00:08:24.006 [scheduling-1    ] INFO  NoPayNotifyOrderJob    - 任务；检测未接收到或未正确处理的支付回调通知
26-01-12.00:08:27.005 [scheduling-1    ] INFO  NoPayNotifyOrderJob    - 任务；检测未接收到或未正确处理的支付回调通知
26-01-12.00:08:30.004 [scheduling-1    ] INFO  NoPayNotifyOrderJob    - 任务；检测未接收到或未正确处理的支付回调通知
26-01-12.00:08:33.004 [scheduling-1    ] INFO  NoPayNotifyOrderJob    - 任务；检测未接收到或未正确处理的支付回调通知
26-01-12.00:08:36.004 [scheduling-1    ] INFO  NoPayNotifyOrderJob    - 任务；检测未接收到或未正确处理的支付回调通知
26-01-12.00:08:39.005 [scheduling-1    ] INFO  NoPayNotifyOrderJob    - 任务；检测未接收到或未正确处理的支付回调通知
26-01-12.00:08:42.004 [scheduling-1    ] INFO  NoPayNotifyOrderJob    - 任务；检测未接收到或未正确处理的支付回调通知
26-01-12.00:08:45.001 [scheduling-1    ] INFO  NoPayNotifyOrderJob    - 任务；检测未接收到或未正确处理的支付回调通知
26-01-12.00:08:48.006 [scheduling-1    ] INFO  NoPayNotifyOrderJob    - 任务；检测未接收到或未正确处理的支付回调通知
26-01-12.00:08:51.005 [scheduling-1    ] INFO  NoPayNotifyOrderJob    - 任务；检测未接收到或未正确处理的支付回调通知
26-01-12.00:08:54.002 [scheduling-1    ] INFO  NoPayNotifyOrderJob    - 任务；检测未接收到或未正确处理的支付回调通知
26-01-12.00:08:57.003 [scheduling-1    ] INFO  NoPayNotifyOrderJob    - 任务；检测未接收到或未正确处理的支付回调通知
26-01-12.00:09:00.005 [scheduling-1    ] INFO  NoPayNotifyOrderJob    - 任务；检测未接收到或未正确处理的支付回调通知
26-01-12.00:09:03.005 [scheduling-1    ] INFO  NoPayNotifyOrderJob    - 任务；检测未接收到或未正确处理的支付回调通知
26-01-12.00:09:06.006 [scheduling-1    ] INFO  NoPayNotifyOrderJob    - 任务；检测未接收到或未正确处理的支付回调通知
26-01-12.00:09:07.449 [http-nio-8080-exec-1] INFO  [/]                    - Initializing Spring DispatcherServlet 'dispatcherServlet'
26-01-12.00:09:07.449 [http-nio-8080-exec-1] INFO  DispatcherServlet      - Initializing Servlet 'dispatcherServlet'
26-01-12.00:09:07.450 [http-nio-8080-exec-1] INFO  DispatcherServlet      - Completed initialization in 1 ms
26-01-12.00:09:07.587 [http-nio-8080-exec-1] INFO  AliPayController       - 商品下单，根据商品ID创建支付单开始 userId:ceshi7 productId:ceshi7
26-01-12.00:09:07.769 [http-nio-8080-exec-1] INFO  AliPayController       - 商品下单，根据商品ID创建支付单完成 userId:ceshi7 productId:1244742 orderId:8079780364436848
26-01-12.00:09:09.001 [scheduling-1    ] INFO  NoPayNotifyOrderJob    - 任务；检测未接收到或未正确处理的支付回调通知
26-01-12.00:09:12.005 [scheduling-1    ] INFO  NoPayNotifyOrderJob    - 任务；检测未接收到或未正确处理的支付回调通知
26-01-12.00:09:15.005 [scheduling-1    ] INFO  NoPayNotifyOrderJob    - 任务；检测未接收到或未正确处理的支付回调通知
26-01-12.00:09:18.005 [scheduling-1    ] INFO  NoPayNotifyOrderJob    - 任务；检测未接收到或未正确处理的支付回调通知
26-01-12.00:09:21.004 [scheduling-1    ] INFO  NoPayNotifyOrderJob    - 任务；检测未接收到或未正确处理的支付回调通知
26-01-12.00:09:24.001 [scheduling-1    ] INFO  NoPayNotifyOrderJob    - 任务；检测未接收到或未正确处理的支付回调通知
26-01-12.00:09:27.002 [scheduling-1    ] INFO  NoPayNotifyOrderJob    - 任务；检测未接收到或未正确处理的支付回调通知
26-01-12.00:09:30.002 [scheduling-1    ] INFO  NoPayNotifyOrderJob    - 任务；检测未接收到或未正确处理的支付回调通知
26-01-12.00:09:33.005 [scheduling-1    ] INFO  NoPayNotifyOrderJob    - 任务；检测未接收到或未正确处理的支付回调通知
26-01-12.00:09:36.000 [scheduling-1    ] INFO  NoPayNotifyOrderJob    - 任务；检测未接收到或未正确处理的支付回调通知
26-01-12.00:09:39.004 [scheduling-1    ] INFO  NoPayNotifyOrderJob    - 任务；检测未接收到或未正确处理的支付回调通知
26-01-12.00:09:42.005 [scheduling-1    ] INFO  NoPayNotifyOrderJob    - 任务；检测未接收到或未正确处理的支付回调通知
26-01-12.00:09:45.001 [scheduling-1    ] INFO  NoPayNotifyOrderJob    - 任务；检测未接收到或未正确处理的支付回调通知
26-01-12.00:09:48.005 [scheduling-1    ] INFO  NoPayNotifyOrderJob    - 任务；检测未接收到或未正确处理的支付回调通知
26-01-12.00:09:51.006 [scheduling-1    ] INFO  NoPayNotifyOrderJob    - 任务；检测未接收到或未正确处理的支付回调通知
26-01-12.00:09:54.004 [scheduling-1    ] INFO  NoPayNotifyOrderJob    - 任务；检测未接收到或未正确处理的支付回调通知
26-01-12.00:09:57.004 [scheduling-1    ] INFO  NoPayNotifyOrderJob    - 任务；检测未接收到或未正确处理的支付回调通知
26-01-12.00:10:00.005 [scheduling-1    ] INFO  NoPayNotifyOrderJob    - 任务；检测未接收到或未正确处理的支付回调通知
26-01-12.00:10:00.010 [scheduling-1    ] INFO  TimeoutCloseOrderJob   - 任务：超时30分钟，订单关闭
26-01-12.00:10:00.012 [scheduling-1    ] INFO  TimeoutCloseOrderJob   - 暂无超时订单
26-01-12.00:10:03.005 [scheduling-1    ] INFO  NoPayNotifyOrderJob    - 任务；检测未接收到或未正确处理的支付回调通知
26-01-12.00:10:06.002 [scheduling-1    ] INFO  NoPayNotifyOrderJob    - 任务；检测未接收到或未正确处理的支付回调通知
26-01-12.00:10:09.003 [scheduling-1    ] INFO  NoPayNotifyOrderJob    - 任务；检测未接收到或未正确处理的支付回调通知
26-01-12.00:10:12.005 [scheduling-1    ] INFO  NoPayNotifyOrderJob    - 任务；检测未接收到或未正确处理的支付回调通知
26-01-12.00:10:15.003 [scheduling-1    ] INFO  NoPayNotifyOrderJob    - 任务；检测未接收到或未正确处理的支付回调通知
26-01-12.00:10:18.005 [scheduling-1    ] INFO  NoPayNotifyOrderJob    - 任务；检测未接收到或未正确处理的支付回调通知
26-01-12.00:10:21.005 [scheduling-1    ] INFO  NoPayNotifyOrderJob    - 任务；检测未接收到或未正确处理的支付回调通知
26-01-12.00:10:24.005 [scheduling-1    ] INFO  NoPayNotifyOrderJob    - 任务；检测未接收到或未正确处理的支付回调通知
26-01-12.00:10:27.005 [scheduling-1    ] INFO  NoPayNotifyOrderJob    - 任务；检测未接收到或未正确处理的支付回调通知
26-01-12.00:10:30.003 [scheduling-1    ] INFO  NoPayNotifyOrderJob    - 任务；检测未接收到或未正确处理的支付回调通知
26-01-12.00:10:33.004 [scheduling-1    ] INFO  NoPayNotifyOrderJob    - 任务；检测未接收到或未正确处理的支付回调通知
26-01-12.00:10:36.003 [scheduling-1    ] INFO  NoPayNotifyOrderJob    - 任务；检测未接收到或未正确处理的支付回调通知
26-01-12.00:10:39.005 [scheduling-1    ] INFO  NoPayNotifyOrderJob    - 任务；检测未接收到或未正确处理的支付回调通知
26-01-12.00:10:42.005 [scheduling-1    ] INFO  NoPayNotifyOrderJob    - 任务；检测未接收到或未正确处理的支付回调通知
26-01-12.00:10:45.001 [scheduling-1    ] INFO  NoPayNotifyOrderJob    - 任务；检测未接收到或未正确处理的支付回调通知
26-01-12.00:10:48.000 [scheduling-1    ] INFO  NoPayNotifyOrderJob    - 任务；检测未接收到或未正确处理的支付回调通知
26-01-12.00:10:51.006 [scheduling-1    ] INFO  NoPayNotifyOrderJob    - 任务；检测未接收到或未正确处理的支付回调通知
26-01-12.00:10:54.003 [scheduling-1    ] INFO  NoPayNotifyOrderJob    - 任务；检测未接收到或未正确处理的支付回调通知
26-01-12.00:10:57.002 [scheduling-1    ] INFO  NoPayNotifyOrderJob    - 任务；检测未接收到或未正确处理的支付回调通知
26-01-12.00:11:00.005 [scheduling-1    ] INFO  NoPayNotifyOrderJob    - 任务；检测未接收到或未正确处理的支付回调通知
26-01-12.00:11:03.005 [scheduling-1    ] INFO  NoPayNotifyOrderJob    - 任务；检测未接收到或未正确处理的支付回调通知
26-01-12.00:11:06.005 [scheduling-1    ] INFO  NoPayNotifyOrderJob    - 任务；检测未接收到或未正确处理的支付回调通知
26-01-12.00:11:09.005 [scheduling-1    ] INFO  NoPayNotifyOrderJob    - 任务；检测未接收到或未正确处理的支付回调通知
26-01-12.00:11:11.514 [SpringApplicationShutdownHook] INFO  HikariDataSource       - HikariPool-1 - Shutdown initiated...
26-01-12.00:11:11.556 [SpringApplicationShutdownHook] INFO  HikariDataSource       - HikariPool-1 - Shutdown completed.
26-01-12.00:13:10.891 [main            ] INFO  Application            - Starting Application using Java 1.8.0_471 on HanMacBook-Pro.local with PID 61028 (/Users/vvd/1024/Java-Project/s-pay-mall-mvc-vvd/s-pay-mall-web/target/classes started by vvd in /Users/vvd/1024/Java-Project/s-pay-mall-mvc-vvd)
26-01-12.00:13:10.894 [main            ] INFO  Application            - The following 1 profile is active: "dev"
26-01-12.00:13:11.475 [main            ] INFO  TomcatWebServer        - Tomcat initialized with port(s): 8080 (http)
26-01-12.00:13:11.481 [main            ] INFO  Http11NioProtocol      - Initializing ProtocolHandler ["http-nio-8080"]
26-01-12.00:13:11.481 [main            ] INFO  StandardService        - Starting service [Tomcat]
26-01-12.00:13:11.481 [main            ] INFO  StandardEngine         - Starting Servlet engine: [Apache Tomcat/9.0.75]
26-01-12.00:13:11.592 [main            ] INFO  [/]                    - Initializing Spring embedded WebApplicationContext
26-01-12.00:13:11.592 [main            ] INFO  ServletWebServerApplicationContext - Root WebApplicationContext: initialization completed in 671 ms
26-01-12.00:13:12.413 [main            ] INFO  Http11NioProtocol      - Starting ProtocolHandler ["http-nio-8080"]
26-01-12.00:13:12.440 [main            ] INFO  TomcatWebServer        - Tomcat started on port(s): 8080 (http) with context path ''
26-01-12.00:13:12.450 [main            ] INFO  Application            - Started Application in 1.793 seconds (JVM running for 2.351)
26-01-12.00:13:13.791 [http-nio-8080-exec-1] INFO  [/]                    - Initializing Spring DispatcherServlet 'dispatcherServlet'
26-01-12.00:13:13.791 [http-nio-8080-exec-1] INFO  DispatcherServlet      - Initializing Servlet 'dispatcherServlet'
26-01-12.00:13:13.792 [http-nio-8080-exec-1] INFO  DispatcherServlet      - Completed initialization in 1 ms
26-01-12.00:13:13.928 [http-nio-8080-exec-1] INFO  AliPayController       - 商品下单，根据商品ID创建支付单开始 userId:ceshi8 productId:ceshi8
26-01-12.00:13:13.951 [http-nio-8080-exec-1] INFO  HikariDataSource       - HikariPool-1 - Starting...
26-01-12.00:13:14.268 [http-nio-8080-exec-1] INFO  HikariDataSource       - HikariPool-1 - Start completed.
26-01-12.00:13:14.546 [http-nio-8080-exec-1] INFO  AliPayController       - 商品下单，根据商品ID创建支付单完成 userId:ceshi8 productId:128742 orderId:1968663158595379
26-01-12.00:13:15.005 [scheduling-1    ] INFO  NoPayNotifyOrderJob    - 任务；检测未接收到或未正确处理的支付回调通知
26-01-12.00:13:18.004 [scheduling-1    ] INFO  NoPayNotifyOrderJob    - 任务；检测未接收到或未正确处理的支付回调通知
26-01-12.00:13:21.005 [scheduling-1    ] INFO  NoPayNotifyOrderJob    - 任务；检测未接收到或未正确处理的支付回调通知
26-01-12.00:13:24.001 [scheduling-1    ] INFO  NoPayNotifyOrderJob    - 任务；检测未接收到或未正确处理的支付回调通知
26-01-12.00:13:27.005 [scheduling-1    ] INFO  NoPayNotifyOrderJob    - 任务；检测未接收到或未正确处理的支付回调通知
26-01-12.00:13:30.005 [scheduling-1    ] INFO  NoPayNotifyOrderJob    - 任务；检测未接收到或未正确处理的支付回调通知
26-01-12.00:13:33.005 [scheduling-1    ] INFO  NoPayNotifyOrderJob    - 任务；检测未接收到或未正确处理的支付回调通知
26-01-12.00:13:36.005 [scheduling-1    ] INFO  NoPayNotifyOrderJob    - 任务；检测未接收到或未正确处理的支付回调通知
26-01-12.00:13:39.003 [scheduling-1    ] INFO  NoPayNotifyOrderJob    - 任务；检测未接收到或未正确处理的支付回调通知
26-01-12.00:13:42.004 [scheduling-1    ] INFO  NoPayNotifyOrderJob    - 任务；检测未接收到或未正确处理的支付回调通知
26-01-12.00:13:45.002 [scheduling-1    ] INFO  NoPayNotifyOrderJob    - 任务；检测未接收到或未正确处理的支付回调通知
26-01-12.00:13:48.003 [scheduling-1    ] INFO  NoPayNotifyOrderJob    - 任务；检测未接收到或未正确处理的支付回调通知
26-01-12.00:13:51.002 [scheduling-1    ] INFO  NoPayNotifyOrderJob    - 任务；检测未接收到或未正确处理的支付回调通知
26-01-12.00:13:54.005 [scheduling-1    ] INFO  NoPayNotifyOrderJob    - 任务；检测未接收到或未正确处理的支付回调通知
26-01-12.00:13:57.004 [scheduling-1    ] INFO  NoPayNotifyOrderJob    - 任务；检测未接收到或未正确处理的支付回调通知
26-01-12.00:14:00.002 [scheduling-1    ] INFO  NoPayNotifyOrderJob    - 任务；检测未接收到或未正确处理的支付回调通知
26-01-12.00:14:03.002 [scheduling-1    ] INFO  NoPayNotifyOrderJob    - 任务；检测未接收到或未正确处理的支付回调通知
26-01-12.00:14:06.002 [scheduling-1    ] INFO  NoPayNotifyOrderJob    - 任务；检测未接收到或未正确处理的支付回调通知
26-01-12.00:14:09.005 [scheduling-1    ] INFO  NoPayNotifyOrderJob    - 任务；检测未接收到或未正确处理的支付回调通知
26-01-12.00:14:12.029 [scheduling-1    ] INFO  NoPayNotifyOrderJob    - 任务；检测未接收到或未正确处理的支付回调通知
26-01-12.00:14:15.005 [scheduling-1    ] INFO  NoPayNotifyOrderJob    - 任务；检测未接收到或未正确处理的支付回调通知
26-01-12.00:14:18.005 [scheduling-1    ] INFO  NoPayNotifyOrderJob    - 任务；检测未接收到或未正确处理的支付回调通知
26-01-12.00:14:21.002 [scheduling-1    ] INFO  NoPayNotifyOrderJob    - 任务；检测未接收到或未正确处理的支付回调通知
26-01-12.00:14:24.004 [scheduling-1    ] INFO  NoPayNotifyOrderJob    - 任务；检测未接收到或未正确处理的支付回调通知
26-01-12.00:14:27.006 [scheduling-1    ] INFO  NoPayNotifyOrderJob    - 任务；检测未接收到或未正确处理的支付回调通知
26-01-12.00:14:30.003 [scheduling-1    ] INFO  NoPayNotifyOrderJob    - 任务；检测未接收到或未正确处理的支付回调通知
26-01-12.00:14:33.000 [scheduling-1    ] INFO  NoPayNotifyOrderJob    - 任务；检测未接收到或未正确处理的支付回调通知
26-01-12.00:14:36.004 [scheduling-1    ] INFO  NoPayNotifyOrderJob    - 任务；检测未接收到或未正确处理的支付回调通知
26-01-12.00:14:39.001 [scheduling-1    ] INFO  NoPayNotifyOrderJob    - 任务；检测未接收到或未正确处理的支付回调通知
26-01-12.00:14:42.004 [scheduling-1    ] INFO  NoPayNotifyOrderJob    - 任务；检测未接收到或未正确处理的支付回调通知
26-01-12.00:14:45.004 [scheduling-1    ] INFO  NoPayNotifyOrderJob    - 任务；检测未接收到或未正确处理的支付回调通知
26-01-12.00:14:48.001 [scheduling-1    ] INFO  NoPayNotifyOrderJob    - 任务；检测未接收到或未正确处理的支付回调通知
26-01-12.00:14:51.004 [scheduling-1    ] INFO  NoPayNotifyOrderJob    - 任务；检测未接收到或未正确处理的支付回调通知
26-01-12.00:14:54.004 [scheduling-1    ] INFO  NoPayNotifyOrderJob    - 任务；检测未接收到或未正确处理的支付回调通知
26-01-12.00:14:57.005 [scheduling-1    ] INFO  NoPayNotifyOrderJob    - 任务；检测未接收到或未正确处理的支付回调通知
26-01-12.00:15:00.005 [scheduling-1    ] INFO  NoPayNotifyOrderJob    - 任务；检测未接收到或未正确处理的支付回调通知
26-01-12.00:15:03.026 [scheduling-1    ] INFO  NoPayNotifyOrderJob    - 任务；检测未接收到或未正确处理的支付回调通知
26-01-12.00:15:06.003 [scheduling-1    ] INFO  NoPayNotifyOrderJob    - 任务；检测未接收到或未正确处理的支付回调通知
26-01-12.00:15:09.005 [scheduling-1    ] INFO  NoPayNotifyOrderJob    - 任务；检测未接收到或未正确处理的支付回调通知
26-01-12.00:15:12.004 [scheduling-1    ] INFO  NoPayNotifyOrderJob    - 任务；检测未接收到或未正确处理的支付回调通知
26-01-12.00:15:15.003 [scheduling-1    ] INFO  NoPayNotifyOrderJob    - 任务；检测未接收到或未正确处理的支付回调通知
26-01-12.00:15:18.006 [scheduling-1    ] INFO  NoPayNotifyOrderJob    - 任务；检测未接收到或未正确处理的支付回调通知
26-01-12.00:15:21.004 [scheduling-1    ] INFO  NoPayNotifyOrderJob    - 任务；检测未接收到或未正确处理的支付回调通知
26-01-12.00:15:24.005 [scheduling-1    ] INFO  NoPayNotifyOrderJob    - 任务；检测未接收到或未正确处理的支付回调通知
26-01-12.00:15:27.001 [scheduling-1    ] INFO  NoPayNotifyOrderJob    - 任务；检测未接收到或未正确处理的支付回调通知
26-01-12.00:15:29.529 [SpringApplicationShutdownHook] INFO  HikariDataSource       - HikariPool-1 - Shutdown initiated...
26-01-12.00:15:29.558 [SpringApplicationShutdownHook] INFO  HikariDataSource       - HikariPool-1 - Shutdown completed.
26-01-12.00:15:31.066 [main            ] INFO  Application            - Starting Application using Java 1.8.0_471 on HanMacBook-Pro.local with PID 61143 (/Users/vvd/1024/Java-Project/s-pay-mall-mvc-vvd/s-pay-mall-web/target/classes started by vvd in /Users/vvd/1024/Java-Project/s-pay-mall-mvc-vvd)
26-01-12.00:15:31.069 [main            ] INFO  Application            - The following 1 profile is active: "dev"
26-01-12.00:15:31.672 [main            ] INFO  TomcatWebServer        - Tomcat initialized with port(s): 8080 (http)
26-01-12.00:15:31.678 [main            ] INFO  Http11NioProtocol      - Initializing ProtocolHandler ["http-nio-8080"]
26-01-12.00:15:31.679 [main            ] INFO  StandardService        - Starting service [Tomcat]
26-01-12.00:15:31.679 [main            ] INFO  StandardEngine         - Starting Servlet engine: [Apache Tomcat/9.0.75]
26-01-12.00:15:31.788 [main            ] INFO  [/]                    - Initializing Spring embedded WebApplicationContext
26-01-12.00:15:31.788 [main            ] INFO  ServletWebServerApplicationContext - Root WebApplicationContext: initialization completed in 688 ms
26-01-12.00:15:32.558 [main            ] INFO  Http11NioProtocol      - Starting ProtocolHandler ["http-nio-8080"]
26-01-12.00:15:32.578 [main            ] INFO  TomcatWebServer        - Tomcat started on port(s): 8080 (http) with context path ''
26-01-12.00:15:32.588 [main            ] INFO  Application            - Started Application in 1.792 seconds (JVM running for 2.273)
26-01-12.00:15:33.005 [scheduling-1    ] INFO  NoPayNotifyOrderJob    - 任务；检测未接收到或未正确处理的支付回调通知
26-01-12.00:15:33.041 [scheduling-1    ] INFO  HikariDataSource       - HikariPool-1 - Starting...
26-01-12.00:15:33.304 [scheduling-1    ] INFO  HikariDataSource       - HikariPool-1 - Start completed.
26-01-12.00:15:36.005 [scheduling-1    ] INFO  NoPayNotifyOrderJob    - 任务；检测未接收到或未正确处理的支付回调通知
26-01-12.00:15:39.005 [scheduling-1    ] INFO  NoPayNotifyOrderJob    - 任务；检测未接收到或未正确处理的支付回调通知
26-01-12.00:15:42.005 [scheduling-1    ] INFO  NoPayNotifyOrderJob    - 任务；检测未接收到或未正确处理的支付回调通知
26-01-12.00:15:44.739 [http-nio-8080-exec-2] INFO  [/]                    - Initializing Spring DispatcherServlet 'dispatcherServlet'
26-01-12.00:15:44.739 [http-nio-8080-exec-2] INFO  DispatcherServlet      - Initializing Servlet 'dispatcherServlet'
26-01-12.00:15:44.740 [http-nio-8080-exec-2] INFO  DispatcherServlet      - Completed initialization in 1 ms
26-01-12.00:15:44.880 [http-nio-8080-exec-2] INFO  AliPayController       - 商品下单，根据商品ID创建支付单开始 userId:ceshi9 productId:ceshi9
26-01-12.00:15:45.002 [scheduling-1    ] INFO  NoPayNotifyOrderJob    - 任务；检测未接收到或未正确处理的支付回调通知
26-01-12.00:15:45.134 [http-nio-8080-exec-2] INFO  AliPayController       - 商品下单，根据商品ID创建支付单完成 userId:ceshi9 productId:128344742 orderId:7142559132299618
26-01-12.00:15:48.005 [scheduling-1    ] INFO  NoPayNotifyOrderJob    - 任务；检测未接收到或未正确处理的支付回调通知
26-01-12.00:15:51.005 [scheduling-1    ] INFO  NoPayNotifyOrderJob    - 任务；检测未接收到或未正确处理的支付回调通知
26-01-12.00:15:54.000 [scheduling-1    ] INFO  NoPayNotifyOrderJob    - 任务；检测未接收到或未正确处理的支付回调通知
26-01-12.00:15:57.002 [scheduling-1    ] INFO  NoPayNotifyOrderJob    - 任务；检测未接收到或未正确处理的支付回调通知
26-01-12.00:16:00.004 [scheduling-1    ] INFO  NoPayNotifyOrderJob    - 任务；检测未接收到或未正确处理的支付回调通知
26-01-12.00:16:03.005 [scheduling-1    ] INFO  NoPayNotifyOrderJob    - 任务；检测未接收到或未正确处理的支付回调通知
26-01-12.00:16:06.006 [scheduling-1    ] INFO  NoPayNotifyOrderJob    - 任务；检测未接收到或未正确处理的支付回调通知
26-01-12.00:16:09.005 [scheduling-1    ] INFO  NoPayNotifyOrderJob    - 任务；检测未接收到或未正确处理的支付回调通知
26-01-12.00:16:12.003 [scheduling-1    ] INFO  NoPayNotifyOrderJob    - 任务；检测未接收到或未正确处理的支付回调通知
26-01-12.00:16:14.887 [http-nio-8080-exec-3] INFO  AliPayController       - 支付回调，消息接收 TRADE_SUCCESS
26-01-12.00:16:14.894 [http-nio-8080-exec-3] INFO  AliPayController       - 支付回调，交易名称: 测试商品
26-01-12.00:16:14.894 [http-nio-8080-exec-3] INFO  AliPayController       - 支付回调，交易状态: TRADE_SUCCESS
26-01-12.00:16:14.894 [http-nio-8080-exec-3] INFO  AliPayController       - 支付回调，支付宝交易凭证号: 2026011222001431280507195636
26-01-12.00:16:14.894 [http-nio-8080-exec-3] INFO  AliPayController       - 支付回调，商户订单号: 7142559132299618
26-01-12.00:16:14.895 [http-nio-8080-exec-3] INFO  AliPayController       - 支付回调，交易金额: 0.01
26-01-12.00:16:14.895 [http-nio-8080-exec-3] INFO  AliPayController       - 支付回调，买家在支付宝唯一id: 2088722092131287
26-01-12.00:16:14.895 [http-nio-8080-exec-3] INFO  AliPayController       - 支付回调，买家付款时间: 2026-01-12 00:16:13
26-01-12.00:16:14.895 [http-nio-8080-exec-3] INFO  AliPayController       - 支付回调，买家付款金额: 0.01
26-01-12.00:16:14.895 [http-nio-8080-exec-3] INFO  AliPayController       - 支付回调，支付回调，更新订单 7142559132299618
26-01-12.00:16:14.965 [http-nio-8080-exec-3] INFO  OrderPaySuccessListener - 收到支付成功消息，可以做接下来的事情，如；发货、充值、开户员、返利 {"orderId":"7142559132299618","status":"PAY_SUCCESS"}
26-01-12.00:16:15.003 [scheduling-1    ] INFO  NoPayNotifyOrderJob    - 任务；检测未接收到或未正确处理的支付回调通知
26-01-12.00:16:18.007 [scheduling-1    ] INFO  NoPayNotifyOrderJob    - 任务；检测未接收到或未正确处理的支付回调通知
26-01-12.00:16:21.005 [scheduling-1    ] INFO  NoPayNotifyOrderJob    - 任务；检测未接收到或未正确处理的支付回调通知
26-01-12.00:16:24.002 [scheduling-1    ] INFO  NoPayNotifyOrderJob    - 任务；检测未接收到或未正确处理的支付回调通知
26-01-12.00:16:27.004 [scheduling-1    ] INFO  NoPayNotifyOrderJob    - 任务；检测未接收到或未正确处理的支付回调通知
26-01-12.00:16:29.150 [SpringApplicationShutdownHook] INFO  HikariDataSource       - HikariPool-1 - Shutdown initiated...
26-01-12.00:16:29.176 [SpringApplicationShutdownHook] INFO  HikariDataSource       - HikariPool-1 - Shutdown completed.
26-01-12.22:29:23.122 [main            ] INFO  Application            - Starting Application using Java 1.8.0_471 on HanMacBook-Pro.local with PID 74257 (/Users/vvd/1024/Java-Project/s-pay-mall-mvc-vvd/s-pay-mall-web/target/classes started by vvd in /Users/vvd/1024/Java-Project/s-pay-mall-mvc-vvd)
26-01-12.22:29:23.124 [main            ] INFO  Application            - The following 1 profile is active: "dev"
26-01-12.22:29:23.735 [main            ] INFO  TomcatWebServer        - Tomcat initialized with port(s): 8080 (http)
26-01-12.22:29:23.741 [main            ] INFO  Http11NioProtocol      - Initializing ProtocolHandler ["http-nio-8080"]
26-01-12.22:29:23.742 [main            ] INFO  StandardService        - Starting service [Tomcat]
26-01-12.22:29:23.742 [main            ] INFO  StandardEngine         - Starting Servlet engine: [Apache Tomcat/9.0.75]
26-01-12.22:29:23.889 [main            ] INFO  [/]                    - Initializing Spring embedded WebApplicationContext
26-01-12.22:29:23.889 [main            ] INFO  ServletWebServerApplicationContext - Root WebApplicationContext: initialization completed in 738 ms
26-01-12.22:29:24.686 [main            ] INFO  Http11NioProtocol      - Starting ProtocolHandler ["http-nio-8080"]
26-01-12.22:29:24.707 [main            ] INFO  TomcatWebServer        - Tomcat started on port(s): 8080 (http) with context path ''
26-01-12.22:29:24.716 [main            ] INFO  Application            - Started Application in 1.838 seconds (JVM running for 2.966)
26-01-12.22:29:27.006 [scheduling-1    ] INFO  NoPayNotifyOrderJob    - 任务；检测未接收到或未正确处理的支付回调通知
26-01-12.22:29:27.054 [scheduling-1    ] INFO  HikariDataSource       - HikariPool-1 - Starting...
26-01-12.22:29:27.375 [scheduling-1    ] INFO  HikariDataSource       - HikariPool-1 - Start completed.
26-01-12.22:29:28.770 [scheduling-1    ] ERROR err                    - ErrorScene^_^40004^_^ACQ.TRADE_NOT_EXIST^_^null^_^Mac OS X^_^2026-01-12 22:29:28^_^ProtocalMustParams:charset=utf-8&method=alipay.trade.query&sign=FyUKyh1AqPZ5F3vu0eaOKNexaqFvJLja8Y09xsCoKAnnabUsz4NbClw6Mb4Z2saGzDIZ83isZJO9uE3ybbPikVgIXHroqO/boDkdMwUPwlYKAUBQXi+f4L4tJEKiEYHD2irhV4+i1FQHZoUOFoDPTgbfCgkhi8Hbu2ef+3kJ0pyS9oeo02SdBh7cxhAE+sley8y/k1zZDRIDqfhKl7/Da3klUFsF1ffxuh4ngHn/XISjTPFVe8j5jHiS1X2umWu5SvPDLR9RvrJcQaua53g0cOJt14uWLR+Hcnht7rk2OI8M86VyJbKdkBH230u2Q9J0r8cgoX3Gh0zgF6fwM0vmQA==&version=1.0&app_id=9021000159601215&sign_type=RSA2&timestamp=2026-01-12 22:29:27^_^ProtocalOptParams:alipay_sdk=alipay-sdk-java-4.38.157.ALL&format=json^_^ApplicationParams:traceId=0600bf82176822816804280671173637&biz_content={"out_trade_no":"5118671528183680"}^_^Body:{"alipay_trade_query_response":{"msg":"Business Failed","code":"40004","out_trade_no":"5118671528183680","sub_msg":"交易不存在","sub_code":"ACQ.TRADE_NOT_EXIST","receipt_amount":"0.00","point_amount":"0.00","buyer_pay_amount":"0.00","invoice_amount":"0.00"},"sign":"UzWbd5qnfmFPCUILFJoJEgQ5AkT1txV0dT80I+aA5odnNCBIh9chjo8R59Y19yoTXQ1pWlkVQgMwo6kXDynpc2yMubtlWlF2eZA9DkGR0yv75j3l/u2zp3XnAB62WDGZsQDBgOCNi6bGnMZEUBwt1GDYAGiOJ64Dmt2tcR6fo1iulDOe05M7jvjlg3Pf3Y6N6IL4AWA4n64/35wNv8/1ianDHzZY6R3T1vU07GRXa928/QzfjhdgRIz9GHgebZWqDHhp6fDh8jRXCyc2y7pTB9mKOFaFUmpbSGcj5zxsjCnJv0vVzAJ3UTSGnhhgCntuS8PtgUuS1d9104Zhex0f/Q=="}^_^20ms,1257ms,29ms^_^trace_id:0600bf82176822816804280671173637
26-01-12.22:29:29.223 [scheduling-1    ] ERROR err                    - ErrorScene^_^40004^_^ACQ.TRADE_NOT_EXIST^_^null^_^Mac OS X^_^2026-01-12 22:29:29^_^ProtocalMustParams:charset=utf-8&method=alipay.trade.query&sign=lgeVswXDQ8JU4yNQt7oyY6x6UrycQvRRzPQw50NPIYrDgcnV6BIflIdIDDKC1AdPPzWtH2vakRC4UYJDzNhWTFGj63tUDMOCdfjRe1xS6ixbDzMVU8uZ/Gc/Q3DW4v2oCuv7XimKUIwyOmdsguWJfiTUddeJMRpTQtl9YKC2L616m5vzdhC36+minnvTdaJx1pIw3acfN1YhlHIVmxJGoXBUpd1MsFPrxyxxIpgWOeR0KkGIHCG8b3pDbAXMdTWpSEq/to4EbxAQiK8r6ztMMuzRguAd4vqFTT+rDmaSWBXZt6nAVJNn0nYGYnY1v9X3O00ZAH10h2iGXU8svHPlQQ==&version=1.0&app_id=9021000159601215&sign_type=RSA2&timestamp=2026-01-12 22:29:28^_^ProtocalOptParams:alipay_sdk=alipay-sdk-java-4.38.157.ALL&format=json^_^ApplicationParams:traceId=0601ac3e176822816886384462186091&biz_content={"out_trade_no":"5316348293286606"}^_^Body:{"alipay_trade_query_response":{"msg":"Business Failed","code":"40004","out_trade_no":"5316348293286606","sub_msg":"交易不存在","sub_code":"ACQ.TRADE_NOT_EXIST","receipt_amount":"0.00","point_amount":"0.00","buyer_pay_amount":"0.00","invoice_amount":"0.00"},"sign":"klZZfx+R4wfh1dn/b4MIBla1xKMsuslar7v1wNERDZ4BspE9P2dfd+l/PP/4YO9JydZZLTE/teyxdUzwNgRwRClce0z7+vCKGYKWtlOZNGDP874Nk0K8Rd+LKTNHhDDpA1J6uHOZwPOE0JHnUDspJRh/U41CETNFE05xQTUSl8ny9tYmEAjC3ZKMbBlRKAboP24AmJ6+yJ6T+v1OpQwDnW0YQa39XKIEHWN8Rf15rwtc8u4eALemwPLvtzgyotzvp4uMxL56+QLf6gm6bcIMkPc4U435AFxHTNXNEIRrT6aqcKvqIU1UFgZwQXU7gZ3fkaSQqLPTmTELd4jy2N0LuA=="}^_^6ms,429ms,18ms^_^trace_id:0601ac3e176822816886384462186091
26-01-12.22:29:29.881 [scheduling-1    ] INFO  info                   - Summary^_^10000^_^null^_^ProtocalMustParams:charset=utf-8&method=alipay.trade.query&sign=fm5cLWh2TDqir0b/eCm/bSe19k3rhrmucOHNEL/7jwHIiBYYlnNqYCOHDq94Q3utWrZ8ChtWOTl2eFd8Pn6436AR9KphaiJyhuJOAI9Zfx6OvARmAv1nVl/UwmVWiS8FAMYC3eXDPtfFRAkI7YKUf4ID5UI/wFFlx2D/BkMosmb+brbOg0+rDQBEOf7PHudIUPPN3Rqt1Tj55L38BDERK4rz/fbExjuUP0pFhfOtutARwTUV8lsqz06FDK/v8Hsi+3lpQaUw7yuRkirMhrRj7+tyxAl9DiLn9nr9B5kfKylZgbOOsrF87RO6QyV2n2aicKGtEDOseBxrpwx3RIUHOQ==&version=1.0&app_id=9021000159601215&sign_type=RSA2&timestamp=2026-01-12 22:29:29^_^ProtocalOptParams:alipay_sdk=alipay-sdk-java-4.38.157.ALL&format=json^_^ApplicationParams:biz_content={"out_trade_no":"2966797345242168"}^_^12ms,625ms,21ms^_^trace_id:060389ba176822816937711131230710
26-01-12.22:29:30.040 [scheduling-1    ] INFO  OrderPaySuccessListener - 收到支付成功消息，可以做接下来的事情，如；发货、充值、开户员、返利 {"orderId":"2966797345242168","status":"PAY_SUCCESS"}
26-01-12.22:29:30.701 [scheduling-1    ] INFO  info                   - Summary^_^10000^_^null^_^ProtocalMustParams:charset=utf-8&method=alipay.trade.query&sign=G9hty8Z+oUqbsKXcQmH9+FIt6d+k1LuSK1HLxoVfn4dszUpBn4Tuu4qWU2kHnJdvaC1K6ipnGjOHbU6LKCkrrsTis9MQbkq0AwwIEuXukBvMpNDTdVaGn61k64czr1GwvZHkPHq8SUQn0v7Iu17ib0AboC4bSnzzvgQnPK/YEIGMDXSPFCS6vc/qVnosbUNZqfIuKkVAvgUV0Mc7tt8ihcuAxVGUIxzx+0s7mvZDhm0rE8GKSxp+vSaUXNtnyeKu7kyx2/WY+DzHA0DxVwZ8VJd53F3USGqYJ3YqYIP/QyS2PTi0H8ecaLwmzlA+3ix2mwRMCrfrLEdCeiNS0Z473A==&version=1.0&app_id=9021000159601215&sign_type=RSA2&timestamp=2026-01-12 22:29:30^_^ProtocalOptParams:alipay_sdk=alipay-sdk-java-4.38.157.ALL&format=json^_^ApplicationParams:biz_content={"out_trade_no":"9173921868873448"}^_^5ms,635ms,21ms^_^trace_id:0601d58b176822817014281391176634
26-01-12.22:29:30.715 [scheduling-1    ] INFO  OrderPaySuccessListener - 收到支付成功消息，可以做接下来的事情，如；发货、充值、开户员、返利 {"orderId":"9173921868873448","status":"PAY_SUCCESS"}
26-01-12.22:29:31.108 [scheduling-1    ] INFO  info                   - Summary^_^10000^_^null^_^ProtocalMustParams:charset=utf-8&method=alipay.trade.query&sign=jxbr3/iG9qjSeWYWR9tldUjplVKdOAUVCWt648gNpwDt1nCKzW47YqrXqqtyp/p2LUC3NPLqQxM88uJPBePitpSAqwSIcg0/bzOv8bOqKhWN2HUScwzesB/vhwjgMe7wOmmuQ4jcji51I7dffCfxsA7D/53T+bgK3svkriHTJXgWDwbWXPl8oLNAMTNmrf13g9ZIjcDxlIKGh24A3kTQG5y7OcUVY6XCN6DwGqGQZ9dkmlx4fIqTgqhs2UY3OAYwU/cejix+2pzpz2wZ2QTGxwteFrozKiJVRgfpuxuYwC7twz7DsvhVU/wuiNvIui6hqIuqK1JBgtScE/Ee/iHVIQ==&version=1.0&app_id=9021000159601215&sign_type=RSA2&timestamp=2026-01-12 22:29:30^_^ProtocalOptParams:alipay_sdk=alipay-sdk-java-4.38.157.ALL&format=json^_^ApplicationParams:biz_content={"out_trade_no":"3204055134641033"}^_^8ms,366ms,19ms^_^trace_id:0601d58b176822817081681431176634
26-01-12.22:29:31.126 [scheduling-1    ] INFO  OrderPaySuccessListener - 收到支付成功消息，可以做接下来的事情，如；发货、充值、开户员、返利 {"orderId":"3204055134641033","status":"PAY_SUCCESS"}
26-01-12.22:29:31.519 [scheduling-1    ] INFO  info                   - Summary^_^10000^_^null^_^ProtocalMustParams:charset=utf-8&method=alipay.trade.query&sign=Emx5j0BBfazQ4UMR6qG7pgD8EMAJ3fndDAQKYpSnPrh7GGyqiQ0pGUUTSNSFFoIcVdmbUhghzKC/APQSysxAo15KPB9N/LoNfWiW307mmRhwllZKBpuqrEmkoTG3J+uVoiBNlhdxuNb4TMATxM9yIvOv9UQsfa1S+juEbiqogIcBdyk6fswLMEf0ba33Wqih8T7l1j/MsSNw4dBlLjQpRDUZfU+Z4BqBNdyfQTPlWkAxBWhJHswyjL5dFM6ubJ9gdS90KReTwhK6J+VizRAp2gqBat9BYxlqUWCOHsqR6tJUo6qGOeCc4vNDq1LobWvmupvjZey5eHiC0bLC6YOY3g==&version=1.0&app_id=9021000159601215&sign_type=RSA2&timestamp=2026-01-12 22:29:31^_^ProtocalOptParams:alipay_sdk=alipay-sdk-java-4.38.157.ALL&format=json^_^ApplicationParams:biz_content={"out_trade_no":"1067322798349124"}^_^13ms,359ms,20ms^_^trace_id:0601ac3e176822817123984652186091
26-01-12.22:29:31.529 [scheduling-1    ] INFO  OrderPaySuccessListener - 收到支付成功消息，可以做接下来的事情，如；发货、充值、开户员、返利 {"orderId":"1067322798349124","status":"PAY_SUCCESS"}
26-01-12.22:29:32.031 [scheduling-1    ] INFO  info                   - Summary^_^10000^_^null^_^ProtocalMustParams:charset=utf-8&method=alipay.trade.query&sign=MjozYKPV6/sXji6ZlP3K7FUpuJyi6qOhWUdgvoidxlOtN/CIDrAxFL7qdejvDUVufsIz82VupMN6Drc0wLJjn78TvKAuuBwxIRNqqdH94stJguMUKxSQB6gkc7x04u3lkgO0z7OyRe4SOviFOFT7Nf+2ZQIPlZ36SEUygeCkvahI92Ey+gBDhaAf8RRGKPgVNP2bKldhv/0LOJtQhVh2me8h35rgO8BG8zlcdbIdshh5ZfoLnILtfLibpkbb6xZRWLhiiwkedFwQQE1/7KPfIU0tT4OMePupY5QoEo8fSYsWQNyvz8l8dvy+Shn1fkIY3Nz1Y908nRsWbONqB0+AsQ==&version=1.0&app_id=9021000159601215&sign_type=RSA2&timestamp=2026-01-12 22:29:31^_^ProtocalOptParams:alipay_sdk=alipay-sdk-java-4.38.157.ALL&format=json^_^ApplicationParams:biz_content={"out_trade_no":"3807855551604880"}^_^12ms,470ms,20ms^_^trace_id:06013ec2176822817162914231330235
26-01-12.22:29:32.042 [scheduling-1    ] INFO  OrderPaySuccessListener - 收到支付成功消息，可以做接下来的事情，如；发货、充值、开户员、返利 {"orderId":"3807855551604880","status":"PAY_SUCCESS"}
26-01-12.22:29:32.536 [scheduling-1    ] INFO  info                   - Summary^_^10000^_^null^_^ProtocalMustParams:charset=utf-8&method=alipay.trade.query&sign=fdcoiIs6+JksA9cfb/0NSbdSz0BviCSsJBOcOj5t7DB8iD12F/0YSYnMWMBfRs7bNyexy8oZWsJcXx0QkvBWKecM6aTQLlOCnlabZVO4yuLv6WEa5A7Y2Up8E5s6p/gjmoeSQBmT2XBfhXe3uG/i994zMR8Nxa43D2f0z/IV47+f45oQ/TEHxLSSHTGj5Mln2WeDiuQSgPqqwXLFIYD//3q3pZdyGCMLm/XPo270FGnGdjKhZvU3Kr7AjGAM8Ck51Wnib38gFbpvB8FTt4MBfCwvbdDA67YaviDM8Fz5zsOGEhLeeEe2N+2qdHGxURNsulm/ay5RG+njrAyc1C0/Jw==&version=1.0&app_id=9021000159601215&sign_type=RSA2&timestamp=2026-01-12 22:29:32^_^ProtocalOptParams:alipay_sdk=alipay-sdk-java-4.38.157.ALL&format=json^_^ApplicationParams:biz_content={"out_trade_no":"8079780364436848"}^_^12ms,469ms,13ms^_^trace_id:0601d6c7176822817215268393433432
26-01-12.22:29:32.548 [scheduling-1    ] INFO  OrderPaySuccessListener - 收到支付成功消息，可以做接下来的事情，如；发货、充值、开户员、返利 {"orderId":"8079780364436848","status":"PAY_SUCCESS"}
26-01-12.22:29:32.938 [scheduling-1    ] INFO  info                   - Summary^_^10000^_^null^_^ProtocalMustParams:charset=utf-8&method=alipay.trade.query&sign=ELCQEpNL7xfmzpTTSYVJEWaOaWpaumL3CK/ACVWOWnD+ezyUmB/FkeeTjnGBUPR2HVh7z1FXlY2CYqmVyxz2aRPk/jWdYD0iiNvdgdfHRM3g4m4bZsBvSwS9/FvV+M5YO8oDHYqRZXIZ65OTxiSwWHzsyMEb2BxedOEFvDHgNeQ8yQptN+BOyoQQNfOw/msAtXZrhV7HSxAICc5MfNq/fbejaDvshCH+VXgi4Fbo+y/8KDdfA1y0xHjnecRHOjYO0wN8j2QTI4goVqr7TDv2F9d9o3RR6hblrEUC/kT5bspAPWTtwCcGlgb83puvp2rg1vp5P88QVdUlrUjqIXzXtg==&version=1.0&app_id=9021000159601215&sign_type=RSA2&timestamp=2026-01-12 22:29:32^_^ProtocalOptParams:alipay_sdk=alipay-sdk-java-4.38.157.ALL&format=json^_^ApplicationParams:biz_content={"out_trade_no":"1968663158595379"}^_^10ms,373ms,7ms^_^trace_id:0601ac3e176822817264384712186091
26-01-12.22:29:32.950 [scheduling-1    ] INFO  OrderPaySuccessListener - 收到支付成功消息，可以做接下来的事情，如；发货、充值、开户员、返利 {"orderId":"1968663158595379","status":"PAY_SUCCESS"}
26-01-12.22:29:33.005 [scheduling-1    ] INFO  NoPayNotifyOrderJob    - 任务；检测未接收到或未正确处理的支付回调通知
26-01-12.22:29:33.233 [scheduling-1    ] ERROR err                    - ErrorScene^_^40004^_^ACQ.TRADE_NOT_EXIST^_^null^_^Mac OS X^_^2026-01-12 22:29:33^_^ProtocalMustParams:charset=utf-8&method=alipay.trade.query&sign=FGloQrnd/p33KkgLs4xvOdHGJBJegb0Rv+qZErD306ic+yPWiVg5eDVD+yxzLJZbR7obwaEIgU4vk0anbcjl37a3igzNGpSMB3acL53Rrp4vJ49jrW3LHDUKwdyRNQe1vaUlTjH3Yt7hZ/0NeHp6b75MjFMPtO+CfMcqA0d7mUy2Atfuw251D4jv+jusHxgbh1O5Opl9pvr0rXXXGm8T/aIXEn+D2Az2MLuEMlcepU6v/KA6ZfQ8PylkyrHUUQKA6ZpqvpLbuhEWDSMaBRPv5XXfR8nmvvNHtm+OVdkbNLx5VXbDX2Z2+0bsEEaZWILkLY2XjiPmMUaX9xiyoy2WQQ==&version=1.0&app_id=9021000159601215&sign_type=RSA2&timestamp=2026-01-12 22:29:33^_^ProtocalOptParams:alipay_sdk=alipay-sdk-java-4.38.157.ALL&format=json^_^ApplicationParams:traceId=0601ac3e176822817309884752186091&biz_content={"out_trade_no":"5118671528183680"}^_^Body:{"alipay_trade_query_response":{"msg":"Business Failed","code":"40004","out_trade_no":"5118671528183680","sub_msg":"交易不存在","sub_code":"ACQ.TRADE_NOT_EXIST","receipt_amount":"0.00","point_amount":"0.00","buyer_pay_amount":"0.00","invoice_amount":"0.00"},"sign":"UzWbd5qnfmFPCUILFJoJEgQ5AkT1txV0dT80I+aA5odnNCBIh9chjo8R59Y19yoTXQ1pWlkVQgMwo6kXDynpc2yMubtlWlF2eZA9DkGR0yv75j3l/u2zp3XnAB62WDGZsQDBgOCNi6bGnMZEUBwt1GDYAGiOJ64Dmt2tcR6fo1iulDOe05M7jvjlg3Pf3Y6N6IL4AWA4n64/35wNv8/1ianDHzZY6R3T1vU07GRXa928/QzfjhdgRIz9GHgebZWqDHhp6fDh8jRXCyc2y7pTB9mKOFaFUmpbSGcj5zxsjCnJv0vVzAJ3UTSGnhhgCntuS8PtgUuS1d9104Zhex0f/Q=="}^_^7ms,207ms,11ms^_^trace_id:0601ac3e176822817309884752186091
26-01-12.22:29:33.559 [scheduling-1    ] ERROR err                    - ErrorScene^_^40004^_^ACQ.TRADE_NOT_EXIST^_^null^_^Mac OS X^_^2026-01-12 22:29:33^_^ProtocalMustParams:charset=utf-8&method=alipay.trade.query&sign=Qvqq2C0m5HaJDWdXdbkeAIq2h6B2jB4txGHsGbK3FaDBWz9N9fxlcJjzcEWzxxvRi1YlE0IaLZud0cmcrm1FdvcBwiiSYmb3a/qHUDRBwfXKIkU8LYCKDWUIKogy4Y99JGugJaF5uJo64zD+9sqod+xrwqmxh2njBdVa9hYHWaHkKITRWEAW87J8T71ZmMx6igOMXj9i+zIsZnByqQOPGmY8ary2A3EQC38Ff0maUBDR+NODTJpvErQeMROPA1oHXlU5ILWlsAaVI1Y/kovdn/uMJ/bgvPOUQBuvFE4Q7Xt+6iRZlm+eeZ7YkDMc2UtKg/ZG4CUEfS8OyLzpgOHabQ==&version=1.0&app_id=9021000159601215&sign_type=RSA2&timestamp=2026-01-12 22:29:33^_^ProtocalOptParams:alipay_sdk=alipay-sdk-java-4.38.157.ALL&format=json^_^ApplicationParams:traceId=0600bf82176822817333781081173637&biz_content={"out_trade_no":"5316348293286606"}^_^Body:{"alipay_trade_query_response":{"msg":"Business Failed","code":"40004","out_trade_no":"5316348293286606","sub_msg":"交易不存在","sub_code":"ACQ.TRADE_NOT_EXIST","receipt_amount":"0.00","point_amount":"0.00","buyer_pay_amount":"0.00","invoice_amount":"0.00"},"sign":"klZZfx+R4wfh1dn/b4MIBla1xKMsuslar7v1wNERDZ4BspE9P2dfd+l/PP/4YO9JydZZLTE/teyxdUzwNgRwRClce0z7+vCKGYKWtlOZNGDP874Nk0K8Rd+LKTNHhDDpA1J6uHOZwPOE0JHnUDspJRh/U41CETNFE05xQTUSl8ny9tYmEAjC3ZKMbBlRKAboP24AmJ6+yJ6T+v1OpQwDnW0YQa39XKIEHWN8Rf15rwtc8u4eALemwPLvtzgyotzvp4uMxL56+QLf6gm6bcIMkPc4U435AFxHTNXNEIRrT6aqcKvqIU1UFgZwQXU7gZ3fkaSQqLPTmTELd4jy2N0LuA=="}^_^8ms,307ms,10ms^_^trace_id:0600bf82176822817333781081173637
26-01-12.22:29:36.006 [scheduling-1    ] INFO  NoPayNotifyOrderJob    - 任务；检测未接收到或未正确处理的支付回调通知
26-01-12.22:29:36.264 [scheduling-1    ] ERROR err                    - ErrorScene^_^40004^_^ACQ.TRADE_NOT_EXIST^_^null^_^Mac OS X^_^2026-01-12 22:29:36^_^ProtocalMustParams:charset=utf-8&method=alipay.trade.query&sign=TZ+px/ihjMYMVbeFHwI3ty8A+fMf5oP0PbqXlJ6KGLxrB9tQsWHeUJkRG1bLXzJx/xkCMAsKK/1PIoL4G9M98e0VVixeWvS8r/5iXvpUgtZrEIf0AcKjeLRkb1xtHSVD8cJ8Ikv73AS1NEk0bE1+ElFbhRf7xjUN63/oA0W3jXf4Fv45+1TTBJyNXtLvcYPsq+QBLJqU3D2Y1m259mZxu5lY1yIO5/DZibHCQMzKAIWxLdtzfAsHrkuuce/DPGNt6sRTGuePb/2QBSl4g9tbBJUHqFWFkf1adPGTc0ZHuz1QRl+IlB2fgUhCzO+Z5DaNFHTyBMIP9GpPILf4zKSa/Q==&version=1.0&app_id=9021000159601215&sign_type=RSA2&timestamp=2026-01-12 22:29:36^_^ProtocalOptParams:alipay_sdk=alipay-sdk-java-4.38.157.ALL&format=json^_^ApplicationParams:traceId=060389ba176822817611911371230710&biz_content={"out_trade_no":"5118671528183680"}^_^Body:{"alipay_trade_query_response":{"msg":"Business Failed","code":"40004","out_trade_no":"5118671528183680","sub_msg":"交易不存在","sub_code":"ACQ.TRADE_NOT_EXIST","receipt_amount":"0.00","point_amount":"0.00","buyer_pay_amount":"0.00","invoice_amount":"0.00"},"sign":"UzWbd5qnfmFPCUILFJoJEgQ5AkT1txV0dT80I+aA5odnNCBIh9chjo8R59Y19yoTXQ1pWlkVQgMwo6kXDynpc2yMubtlWlF2eZA9DkGR0yv75j3l/u2zp3XnAB62WDGZsQDBgOCNi6bGnMZEUBwt1GDYAGiOJ64Dmt2tcR6fo1iulDOe05M7jvjlg3Pf3Y6N6IL4AWA4n64/35wNv8/1ianDHzZY6R3T1vU07GRXa928/QzfjhdgRIz9GHgebZWqDHhp6fDh8jRXCyc2y7pTB9mKOFaFUmpbSGcj5zxsjCnJv0vVzAJ3UTSGnhhgCntuS8PtgUuS1d9104Zhex0f/Q=="}^_^15ms,224ms,13ms^_^trace_id:060389ba176822817611911371230710
26-01-12.22:29:36.512 [scheduling-1    ] ERROR err                    - ErrorScene^_^40004^_^ACQ.TRADE_NOT_EXIST^_^null^_^Mac OS X^_^2026-01-12 22:29:36^_^ProtocalMustParams:charset=utf-8&method=alipay.trade.query&sign=fKF6Syjx4Qomg5suqlK2nebh0KY2cUJZapaN7DnScFOI2OLIqgeUbdanaxvoh9CNeywn0oCRbUtDGHr4hOegBpHkeDGR1GLDv3fwn9EfD4d8pWK0HILKx/8tHtFfXK3DXtPuazN6wH+53pnkbL18eA6vLD9e3RfqK3Wa1RaoQxEDQMxYbrkxZu1F7SEEycxUFH4B5FsDjB8zZK1rmZWmSb1n7enjoV3TxmeCRJBIFLCUNmOhSC/ndx34ax0QAatk/lZAoHQ4MZ88MXrW/d0jbGKAh5MZ3W7ZLe23rOENg8NfH7rOq/+v5yIjxIHgGo6sRtI/NEgfWUwifXMr9XmWOA==&version=1.0&app_id=9021000159601215&sign_type=RSA2&timestamp=2026-01-12 22:29:36^_^ProtocalOptParams:alipay_sdk=alipay-sdk-java-4.38.157.ALL&format=json^_^ApplicationParams:traceId=0601ac3e176822817637384912186091&biz_content={"out_trade_no":"5316348293286606"}^_^Body:{"alipay_trade_query_response":{"msg":"Business Failed","code":"40004","out_trade_no":"5316348293286606","sub_msg":"交易不存在","sub_code":"ACQ.TRADE_NOT_EXIST","receipt_amount":"0.00","point_amount":"0.00","buyer_pay_amount":"0.00","invoice_amount":"0.00"},"sign":"klZZfx+R4wfh1dn/b4MIBla1xKMsuslar7v1wNERDZ4BspE9P2dfd+l/PP/4YO9JydZZLTE/teyxdUzwNgRwRClce0z7+vCKGYKWtlOZNGDP874Nk0K8Rd+LKTNHhDDpA1J6uHOZwPOE0JHnUDspJRh/U41CETNFE05xQTUSl8ny9tYmEAjC3ZKMbBlRKAboP24AmJ6+yJ6T+v1OpQwDnW0YQa39XKIEHWN8Rf15rwtc8u4eALemwPLvtzgyotzvp4uMxL56+QLf6gm6bcIMkPc4U435AFxHTNXNEIRrT6aqcKvqIU1UFgZwQXU7gZ3fkaSQqLPTmTELd4jy2N0LuA=="}^_^9ms,222ms,17ms^_^trace_id:0601ac3e176822817637384912186091
26-01-12.22:29:39.003 [scheduling-1    ] INFO  NoPayNotifyOrderJob    - 任务；检测未接收到或未正确处理的支付回调通知
26-01-12.22:29:39.204 [scheduling-1    ] ERROR err                    - ErrorScene^_^40004^_^ACQ.TRADE_NOT_EXIST^_^null^_^Mac OS X^_^2026-01-12 22:29:39^_^ProtocalMustParams:charset=utf-8&method=alipay.trade.query&sign=FGsqtH5z9918j4EdgSG4WgPzKPM10e8rAKRwAAcA2SePPol0nFuzcrhLA01vHYGRvsztDC6w4RSRvj8cCiL11sstUEFJCz4PnQOXLsnMtpKBVCHGjQ0UFrSx8ZBrW8TdZWFY0lEOidVMhiKss/mkpehUH/fRWYyn3/xfOEwPBji4geNDRz/83hyMZRbX/+zksros2ddzXAEH20vhOMeiK/ELgyeIcRJu/Mh/Rz27+ZAbyIr43ac6K7nwo4qy0Zm0LLiL5sQUg19EFcSdBJ2adXCNo1zxPpk7rVcJ013BelDVH+LqSIo2LePzFMrJSxV7QlajBG4rkzmvhVjyJek4gA==&version=1.0&app_id=9021000159601215&sign_type=RSA2&timestamp=2026-01-12 22:29:39^_^ProtocalOptParams:alipay_sdk=alipay-sdk-java-4.38.157.ALL&format=json^_^ApplicationParams:traceId=06013ec2176822817911014551330235&biz_content={"out_trade_no":"5118671528183680"}^_^Body:{"alipay_trade_query_response":{"msg":"Business Failed","code":"40004","out_trade_no":"5118671528183680","sub_msg":"交易不存在","sub_code":"ACQ.TRADE_NOT_EXIST","receipt_amount":"0.00","point_amount":"0.00","buyer_pay_amount":"0.00","invoice_amount":"0.00"},"sign":"UzWbd5qnfmFPCUILFJoJEgQ5AkT1txV0dT80I+aA5odnNCBIh9chjo8R59Y19yoTXQ1pWlkVQgMwo6kXDynpc2yMubtlWlF2eZA9DkGR0yv75j3l/u2zp3XnAB62WDGZsQDBgOCNi6bGnMZEUBwt1GDYAGiOJ64Dmt2tcR6fo1iulDOe05M7jvjlg3Pf3Y6N6IL4AWA4n64/35wNv8/1ianDHzZY6R3T1vU07GRXa928/QzfjhdgRIz9GHgebZWqDHhp6fDh8jRXCyc2y7pTB9mKOFaFUmpbSGcj5zxsjCnJv0vVzAJ3UTSGnhhgCntuS8PtgUuS1d9104Zhex0f/Q=="}^_^12ms,176ms,9ms^_^trace_id:06013ec2176822817911014551330235
26-01-12.22:29:39.476 [scheduling-1    ] ERROR err                    - ErrorScene^_^40004^_^ACQ.TRADE_NOT_EXIST^_^null^_^Mac OS X^_^2026-01-12 22:29:39^_^ProtocalMustParams:charset=utf-8&method=alipay.trade.query&sign=Z4rDFHCsrMbdV6TOy6fPIj3aC5TOQLAUxRHMXtY0HYesIc4FqQ01mSqjbZmyYi6bgMmBSumA9dbTQFPtxBu3p6tbkeYHj5P+YCuUcfQ4ylvkY48SrhvpdT9wrjrq3RhIhEgAil61uumKawKJJq36mgaSg4qq4C/8eaVVZqQgq+PoDKc7knL8kcZuiGf5KqVqBWIUd/72Gzlt7+wqzB+/RAHQ+m/91hyKwNO3rQrxlP8m7eVjV6zJloIjtopI0N7ZUzz1rKHKMPxPC7qV4iUUyF8aLYxk3kd1ZLOGhE6RUEUcq0jKrtmB3FhOD3O4I5m9mqbbyGpypg0mmBWNkr5aUQ==&version=1.0&app_id=9021000159601215&sign_type=RSA2&timestamp=2026-01-12 22:29:39^_^ProtocalOptParams:alipay_sdk=alipay-sdk-java-4.38.157.ALL&format=json^_^ApplicationParams:traceId=0601d6c7176822817930468673433432&biz_content={"out_trade_no":"5316348293286606"}^_^Body:{"alipay_trade_query_response":{"msg":"Business Failed","code":"40004","out_trade_no":"5316348293286606","sub_msg":"交易不存在","sub_code":"ACQ.TRADE_NOT_EXIST","receipt_amount":"0.00","point_amount":"0.00","buyer_pay_amount":"0.00","invoice_amount":"0.00"},"sign":"klZZfx+R4wfh1dn/b4MIBla1xKMsuslar7v1wNERDZ4BspE9P2dfd+l/PP/4YO9JydZZLTE/teyxdUzwNgRwRClce0z7+vCKGYKWtlOZNGDP874Nk0K8Rd+LKTNHhDDpA1J6uHOZwPOE0JHnUDspJRh/U41CETNFE05xQTUSl8ny9tYmEAjC3ZKMbBlRKAboP24AmJ6+yJ6T+v1OpQwDnW0YQa39XKIEHWN8Rf15rwtc8u4eALemwPLvtzgyotzvp4uMxL56+QLf6gm6bcIMkPc4U435AFxHTNXNEIRrT6aqcKvqIU1UFgZwQXU7gZ3fkaSQqLPTmTELd4jy2N0LuA=="}^_^7ms,245ms,20ms^_^trace_id:0601d6c7176822817930468673433432
26-01-12.22:29:42.005 [scheduling-1    ] INFO  NoPayNotifyOrderJob    - 任务；检测未接收到或未正确处理的支付回调通知
26-01-12.22:29:42.255 [scheduling-1    ] ERROR err                    - ErrorScene^_^40004^_^ACQ.TRADE_NOT_EXIST^_^null^_^Mac OS X^_^2026-01-12 22:29:42^_^ProtocalMustParams:charset=utf-8&method=alipay.trade.query&sign=YXYHkm/C4esaNG7SI5iALOgk2e6spRjf4+BXTzAMYEs2Dw3RzhrU9ZGW/28UyZOxEzbcJLbZgcKiXRGL4cMgkxWU+IDNpzQUrUcP94O6mZTYndNFNS335cc8x/sp0GjCkQHjXTdRIdBXOw02amdJyBAc99QHm1Asf76t6b9pAvjofotDesDUXXvO31CU5PL4B7i3VmWESSl3CQzV9SBlgU9xOJFOyaX1XRuFR6bgXNdMqvIEASFf/xCiEO2MItnuH1Mf29QgUuiyCiQfTO+3n3JjxnI7CinfyEOV48sY3jzHx3+xSO83RxFdPtk2aCccOqZi7P/0HnoFe2N1nXDoGA==&version=1.0&app_id=9021000159601215&sign_type=RSA2&timestamp=2026-01-12 22:29:42^_^ProtocalOptParams:alipay_sdk=alipay-sdk-java-4.38.157.ALL&format=json^_^ApplicationParams:traceId=06013ec2176822818210914681330235&biz_content={"out_trade_no":"5118671528183680"}^_^Body:{"alipay_trade_query_response":{"msg":"Business Failed","code":"40004","out_trade_no":"5118671528183680","sub_msg":"交易不存在","sub_code":"ACQ.TRADE_NOT_EXIST","receipt_amount":"0.00","point_amount":"0.00","buyer_pay_amount":"0.00","invoice_amount":"0.00"},"sign":"UzWbd5qnfmFPCUILFJoJEgQ5AkT1txV0dT80I+aA5odnNCBIh9chjo8R59Y19yoTXQ1pWlkVQgMwo6kXDynpc2yMubtlWlF2eZA9DkGR0yv75j3l/u2zp3XnAB62WDGZsQDBgOCNi6bGnMZEUBwt1GDYAGiOJ64Dmt2tcR6fo1iulDOe05M7jvjlg3Pf3Y6N6IL4AWA4n64/35wNv8/1ianDHzZY6R3T1vU07GRXa928/QzfjhdgRIz9GHgebZWqDHhp6fDh8jRXCyc2y7pTB9mKOFaFUmpbSGcj5zxsjCnJv0vVzAJ3UTSGnhhgCntuS8PtgUuS1d9104Zhex0f/Q=="}^_^8ms,227ms,13ms^_^trace_id:06013ec2176822818210914681330235
26-01-12.22:29:42.510 [scheduling-1    ] ERROR err                    - ErrorScene^_^40004^_^ACQ.TRADE_NOT_EXIST^_^null^_^Mac OS X^_^2026-01-12 22:29:42^_^ProtocalMustParams:charset=utf-8&method=alipay.trade.query&sign=DPgItIW39VIis0XAFRK0jYNnyaFT3Qip4K5FnEMM0LZNFZHKnMsuX7sQxCKZL3tTnS0FlNzbBJJyvhOkL5/rrrFFpG+kP+TQJ0+w1prhA2i1NtjEhpoQV+MzHx9pKMyBN/vk5OrYWxQhEtPR+X5movfdqd5WI7XXVBFUOZi+LZAvN1GUMqt0oxLzYgIcOnc4DvJwAXc2TS/AJQ9pzMU8042BtkRVxbKKAeg7GPljAkmmkio3FR3mKlfgg0e+I0DLN7NjubZZv4xjGVFvGtCmUxdfeC5KsPdMXfyJwYTjuDBWZoJgkKazwk6JOSKLmA14gKjYKeRTSeQtXNEhv8W7rg==&version=1.0&app_id=9021000159601215&sign_type=RSA2&timestamp=2026-01-12 22:29:42^_^ProtocalOptParams:alipay_sdk=alipay-sdk-java-4.38.157.ALL&format=json^_^ApplicationParams:traceId=0601d6c7176822818238268853433432&biz_content={"out_trade_no":"5316348293286606"}^_^Body:{"alipay_trade_query_response":{"msg":"Business Failed","code":"40004","out_trade_no":"5316348293286606","sub_msg":"交易不存在","sub_code":"ACQ.TRADE_NOT_EXIST","receipt_amount":"0.00","point_amount":"0.00","buyer_pay_amount":"0.00","invoice_amount":"0.00"},"sign":"klZZfx+R4wfh1dn/b4MIBla1xKMsuslar7v1wNERDZ4BspE9P2dfd+l/PP/4YO9JydZZLTE/teyxdUzwNgRwRClce0z7+vCKGYKWtlOZNGDP874Nk0K8Rd+LKTNHhDDpA1J6uHOZwPOE0JHnUDspJRh/U41CETNFE05xQTUSl8ny9tYmEAjC3ZKMbBlRKAboP24AmJ6+yJ6T+v1OpQwDnW0YQa39XKIEHWN8Rf15rwtc8u4eALemwPLvtzgyotzvp4uMxL56+QLf6gm6bcIMkPc4U435AFxHTNXNEIRrT6aqcKvqIU1UFgZwQXU7gZ3fkaSQqLPTmTELd4jy2N0LuA=="}^_^23ms,226ms,6ms^_^trace_id:0601d6c7176822818238268853433432
26-01-12.22:29:45.005 [scheduling-1    ] INFO  NoPayNotifyOrderJob    - 任务；检测未接收到或未正确处理的支付回调通知
26-01-12.22:29:45.526 [scheduling-1    ] ERROR err                    - ErrorScene^_^40004^_^ACQ.TRADE_NOT_EXIST^_^null^_^Mac OS X^_^2026-01-12 22:29:45^_^ProtocalMustParams:charset=utf-8&method=alipay.trade.query&sign=dQafwBGLkOXDDTpLpwdIUe1FdCPLcKnGpjGjLjg1uJchKFHiuNwAwUpFDXC+MC1ooEAnH9oYE7Gp5BLyTdO5a2e/AQ4H6h4WQetlOyw1XpefaU/Ylv8dh9CQbayf0mp5nz+cHMX0Ut1uVkLDUtot9vWb7Os0pK/85PSRRYgcsjuOCibD6P0u27TWge6LT4AYC3ee5T7DDYFP2D1ZFFu0t7voTtpjWrbEXD5zFX4Aob5LuSz+kpsvwmynV6qE5+7uEpsqlNypKvvIyAmv9pPevECFXKZrTBSa3Eclvy2OXzIQqfN/Z6Oo2iUl2nJ7sufpM+xSVB5CaeX3W/R880hOMQ==&version=1.0&app_id=9021000159601215&sign_type=RSA2&timestamp=2026-01-12 22:29:45^_^ProtocalOptParams:alipay_sdk=alipay-sdk-java-4.38.157.ALL&format=json^_^ApplicationParams:traceId=0600019a17682281851086800257935&biz_content={"out_trade_no":"5118671528183680"}^_^Body:{"alipay_trade_query_response":{"msg":"Business Failed","code":"40004","out_trade_no":"5118671528183680","sub_msg":"交易不存在","sub_code":"ACQ.TRADE_NOT_EXIST","receipt_amount":"0.00","point_amount":"0.00","buyer_pay_amount":"0.00","invoice_amount":"0.00"},"sign":"UzWbd5qnfmFPCUILFJoJEgQ5AkT1txV0dT80I+aA5odnNCBIh9chjo8R59Y19yoTXQ1pWlkVQgMwo6kXDynpc2yMubtlWlF2eZA9DkGR0yv75j3l/u2zp3XnAB62WDGZsQDBgOCNi6bGnMZEUBwt1GDYAGiOJ64Dmt2tcR6fo1iulDOe05M7jvjlg3Pf3Y6N6IL4AWA4n64/35wNv8/1ianDHzZY6R3T1vU07GRXa928/QzfjhdgRIz9GHgebZWqDHhp6fDh8jRXCyc2y7pTB9mKOFaFUmpbSGcj5zxsjCnJv0vVzAJ3UTSGnhhgCntuS8PtgUuS1d9104Zhex0f/Q=="}^_^7ms,484ms,25ms^_^trace_id:0600019a17682281851086800257935
26-01-12.22:29:45.805 [scheduling-1    ] ERROR err                    - ErrorScene^_^40004^_^ACQ.TRADE_NOT_EXIST^_^null^_^Mac OS X^_^2026-01-12 22:29:45^_^ProtocalMustParams:charset=utf-8&method=alipay.trade.query&sign=THFddrfvXAQszyx73W+A3TNjGYxpwhOBHBAavjiYxeaHHn7hBXRI08SI2asrwZa1z+YUOh9SoUKOp413HcAjx0soELixayffh14XNFCb3/d4Anv01uP1PxaqDefL8dzceUCLHdq6bpkIhEfYWbuZDEw2m53Uf8/gxVL34PTCnYy8OTEW4xs3vAxFejZQlLXMtUjit5nX//By+fVI0qIYtlwVpjW+bW5BjQgfYmM3xNjxXVARQ9o6PTOKfvTigloioOH8BMlQT9vmZuS0XA1H+nB1lAynReq1q1bdIg+Hb8clOLpmPWoBZKpYCu51tkjmP2f4sdJO+SFtGCIFU6Odew==&version=1.0&app_id=9021000159601215&sign_type=RSA2&timestamp=2026-01-12 22:29:45^_^ProtocalOptParams:alipay_sdk=alipay-sdk-java-4.38.157.ALL&format=json^_^ApplicationParams:traceId=0600019a17682281856816801257935&biz_content={"out_trade_no":"5316348293286606"}^_^Body:{"alipay_trade_query_response":{"msg":"Business Failed","code":"40004","out_trade_no":"5316348293286606","sub_msg":"交易不存在","sub_code":"ACQ.TRADE_NOT_EXIST","receipt_amount":"0.00","point_amount":"0.00","buyer_pay_amount":"0.00","invoice_amount":"0.00"},"sign":"klZZfx+R4wfh1dn/b4MIBla1xKMsuslar7v1wNERDZ4BspE9P2dfd+l/PP/4YO9JydZZLTE/teyxdUzwNgRwRClce0z7+vCKGYKWtlOZNGDP874Nk0K8Rd+LKTNHhDDpA1J6uHOZwPOE0JHnUDspJRh/U41CETNFE05xQTUSl8ny9tYmEAjC3ZKMbBlRKAboP24AmJ6+yJ6T+v1OpQwDnW0YQa39XKIEHWN8Rf15rwtc8u4eALemwPLvtzgyotzvp4uMxL56+QLf6gm6bcIMkPc4U435AFxHTNXNEIRrT6aqcKvqIU1UFgZwQXU7gZ3fkaSQqLPTmTELd4jy2N0LuA=="}^_^8ms,262ms,6ms^_^trace_id:0600019a17682281856816801257935
26-01-12.22:29:48.006 [scheduling-1    ] INFO  NoPayNotifyOrderJob    - 任务；检测未接收到或未正确处理的支付回调通知
26-01-12.22:29:48.241 [scheduling-1    ] ERROR err                    - ErrorScene^_^40004^_^ACQ.TRADE_NOT_EXIST^_^null^_^Mac OS X^_^2026-01-12 22:29:48^_^ProtocalMustParams:charset=utf-8&method=alipay.trade.query&sign=aeVbX+gLkIDCno8I8uzScA9hYuQ82QtIFFqaMFXNkNrc3ICfWOygGpMxQnywwnL9ysAS1+Mw7lHw3hNQ8SkQcFV5nJkOtgNJZmc2HBKZyDUbUcTWidk9j698pxoyaDgjgEV6pVGOh/BZVEBXtXPYk6SNAdwJdba7pvmzOHG5lYJ4NFETBw+rq059tzUAHJkHwnQ7n7xu8W1Rlco2iC6YrNX8DGYjjqxdl20ZF/DWlDi2jRRiWsmT7cqa4S5kEg0RzrTaZ0eG0v1Tko/BZ9a/3yiXxrke3hheJTj7PpYzpbTTnh6SGRkD12ipEXYNUenOo3AtZt/EPFP30e5OATGCCw==&version=1.0&app_id=9021000159601215&sign_type=RSA2&timestamp=2026-01-12 22:29:48^_^ProtocalOptParams:alipay_sdk=alipay-sdk-java-4.38.157.ALL&format=json^_^ApplicationParams:traceId=0601d6c7176822818811269053433432&biz_content={"out_trade_no":"5118671528183680"}^_^Body:{"alipay_trade_query_response":{"msg":"Business Failed","code":"40004","out_trade_no":"5118671528183680","sub_msg":"交易不存在","sub_code":"ACQ.TRADE_NOT_EXIST","receipt_amount":"0.00","point_amount":"0.00","buyer_pay_amount":"0.00","invoice_amount":"0.00"},"sign":"UzWbd5qnfmFPCUILFJoJEgQ5AkT1txV0dT80I+aA5odnNCBIh9chjo8R59Y19yoTXQ1pWlkVQgMwo6kXDynpc2yMubtlWlF2eZA9DkGR0yv75j3l/u2zp3XnAB62WDGZsQDBgOCNi6bGnMZEUBwt1GDYAGiOJ64Dmt2tcR6fo1iulDOe05M7jvjlg3Pf3Y6N6IL4AWA4n64/35wNv8/1ianDHzZY6R3T1vU07GRXa928/QzfjhdgRIz9GHgebZWqDHhp6fDh8jRXCyc2y7pTB9mKOFaFUmpbSGcj5zxsjCnJv0vVzAJ3UTSGnhhgCntuS8PtgUuS1d9104Zhex0f/Q=="}^_^11ms,213ms,8ms^_^trace_id:0601d6c7176822818811269053433432
26-01-12.22:29:48.474 [scheduling-1    ] ERROR err                    - ErrorScene^_^40004^_^ACQ.TRADE_NOT_EXIST^_^null^_^Mac OS X^_^2026-01-12 22:29:48^_^ProtocalMustParams:charset=utf-8&method=alipay.trade.query&sign=CqivM3p76QSESjJEETePGEChLPKjMKujaQdt4vBXhvFtrMj/lXCfc2zT9cnOAFhVC1uDvhu1UtFwKhvo0jw2lSAxXHSvEsoz4LcHWhIWk0rRrjDyxhNtFHmtNrTucqjhzqSev8jjzHaZJ7bq4FE3KGc4sFjaaonenx0cyWIkmwOCEg5rBO3CtVAB/qmBiQx99Gmnh1FscWFTmlTyRW9grmkhpr/SCBMp36sBQyDUAWz5cEBDm9WaXi4SAUAukt5FpG5DomEo0LDnBl2jSBYi9LNvM8NIcF7lhbaKe1tPNV7MaSLPoN6XalAc/OSKZRRBRf+YysGOB6kUej2fnQDTaA==&version=1.0&app_id=9021000159601215&sign_type=RSA2&timestamp=2026-01-12 22:29:48^_^ProtocalOptParams:alipay_sdk=alipay-sdk-java-4.38.157.ALL&format=json^_^ApplicationParams:traceId=060389ba176822818833512011230710&biz_content={"out_trade_no":"5316348293286606"}^_^Body:{"alipay_trade_query_response":{"msg":"Business Failed","code":"40004","out_trade_no":"5316348293286606","sub_msg":"交易不存在","sub_code":"ACQ.TRADE_NOT_EXIST","receipt_amount":"0.00","point_amount":"0.00","buyer_pay_amount":"0.00","invoice_amount":"0.00"},"sign":"klZZfx+R4wfh1dn/b4MIBla1xKMsuslar7v1wNERDZ4BspE9P2dfd+l/PP/4YO9JydZZLTE/teyxdUzwNgRwRClce0z7+vCKGYKWtlOZNGDP874Nk0K8Rd+LKTNHhDDpA1J6uHOZwPOE0JHnUDspJRh/U41CETNFE05xQTUSl8ny9tYmEAjC3ZKMbBlRKAboP24AmJ6+yJ6T+v1OpQwDnW0YQa39XKIEHWN8Rf15rwtc8u4eALemwPLvtzgyotzvp4uMxL56+QLf6gm6bcIMkPc4U435AFxHTNXNEIRrT6aqcKvqIU1UFgZwQXU7gZ3fkaSQqLPTmTELd4jy2N0LuA=="}^_^5ms,213ms,15ms^_^trace_id:060389ba176822818833512011230710
26-01-12.22:29:51.001 [scheduling-1    ] INFO  NoPayNotifyOrderJob    - 任务；检测未接收到或未正确处理的支付回调通知
26-01-12.22:29:51.379 [scheduling-1    ] ERROR err                    - ErrorScene^_^40004^_^ACQ.TRADE_NOT_EXIST^_^null^_^Mac OS X^_^2026-01-12 22:29:51^_^ProtocalMustParams:charset=utf-8&method=alipay.trade.query&sign=UCbuLNaDVjU89XNQ6BOPKT+xEOKoxeAp+8jerjpbkzcqUJdrsg0sdKWagXeoolkaX5j0h3XXzEGiIAJAZKDjXR0so6gRyeRvtZfQQBPuHlBkfyWvLV4nzWE63F2E0slIarA16pWS9vrnXl+MzkRZmbUroVQya0BX99gU6F2Pf2wtgf24LzdofQXqQ7HxeVgKez5CCzw/swqe8bn30rUoOCYcI/uz5EyK/DlE6GLltoSSy05o2vXMfweCCa6xQMFmuwnkRklcs2htPv0ba6vwfjpgZm7iSGU/UclNmUBgC2QOXhmWxWZgu9skHe3etYJa+XQXfJge8pZ4qJubWmNSsQ==&version=1.0&app_id=9021000159601215&sign_type=RSA2&timestamp=2026-01-12 22:29:51^_^ProtocalOptParams:alipay_sdk=alipay-sdk-java-4.38.157.ALL&format=json^_^ApplicationParams:traceId=06022404176822819110067184109590&biz_content={"out_trade_no":"5118671528183680"}^_^Body:{"alipay_trade_query_response":{"msg":"Business Failed","code":"40004","out_trade_no":"5118671528183680","sub_msg":"交易不存在","sub_code":"ACQ.TRADE_NOT_EXIST","receipt_amount":"0.00","point_amount":"0.00","buyer_pay_amount":"0.00","invoice_amount":"0.00"},"sign":"UzWbd5qnfmFPCUILFJoJEgQ5AkT1txV0dT80I+aA5odnNCBIh9chjo8R59Y19yoTXQ1pWlkVQgMwo6kXDynpc2yMubtlWlF2eZA9DkGR0yv75j3l/u2zp3XnAB62WDGZsQDBgOCNi6bGnMZEUBwt1GDYAGiOJ64Dmt2tcR6fo1iulDOe05M7jvjlg3Pf3Y6N6IL4AWA4n64/35wNv8/1ianDHzZY6R3T1vU07GRXa928/QzfjhdgRIz9GHgebZWqDHhp6fDh8jRXCyc2y7pTB9mKOFaFUmpbSGcj5zxsjCnJv0vVzAJ3UTSGnhhgCntuS8PtgUuS1d9104Zhex0f/Q=="}^_^5ms,352ms,19ms^_^trace_id:06022404176822819110067184109590
26-01-12.22:29:51.629 [scheduling-1    ] ERROR err                    - ErrorScene^_^40004^_^ACQ.TRADE_NOT_EXIST^_^null^_^Mac OS X^_^2026-01-12 22:29:51^_^ProtocalMustParams:charset=utf-8&method=alipay.trade.query&sign=DU4cBjKQ3aKH8ASO9/AMNoppIm7eMzI9ykqLeX9puLSFVFMnhhd+/mlg0nQFe7q1p8p+F7U9Zxl7V12L241H+z9BcSOtILqN0V2XeiS2E+6rv2fWA+041BPhPbITAnO/2gZKjZrJqu9N1mK206wHfZdOFmm9AwsSY6Jn+lHciaTBxD97yOqgKoFoi9Pfa3Vhd+lgb10CjbrgT+NZvl1UoYistdB6bgy1HS7+iK6W//MKJpNh7PZZtYlmzVLJ2O5x4AG1uufCJ3GaLiI9u1yKRkbxLBeesrBsKRx+pVqn76kT2//6GWrVNRDPiT7SnyCZWTqhdwNNb7IEkot/L+/l2g==&version=1.0&app_id=9021000159601215&sign_type=RSA2&timestamp=2026-01-12 22:29:51^_^ProtocalOptParams:alipay_sdk=alipay-sdk-java-4.38.157.ALL&format=json^_^ApplicationParams:traceId=0601ac3e176822819148685502186091&biz_content={"out_trade_no":"5316348293286606"}^_^Body:{"alipay_trade_query_response":{"msg":"Business Failed","code":"40004","out_trade_no":"5316348293286606","sub_msg":"交易不存在","sub_code":"ACQ.TRADE_NOT_EXIST","receipt_amount":"0.00","point_amount":"0.00","buyer_pay_amount":"0.00","invoice_amount":"0.00"},"sign":"klZZfx+R4wfh1dn/b4MIBla1xKMsuslar7v1wNERDZ4BspE9P2dfd+l/PP/4YO9JydZZLTE/teyxdUzwNgRwRClce0z7+vCKGYKWtlOZNGDP874Nk0K8Rd+LKTNHhDDpA1J6uHOZwPOE0JHnUDspJRh/U41CETNFE05xQTUSl8ny9tYmEAjC3ZKMbBlRKAboP24AmJ6+yJ6T+v1OpQwDnW0YQa39XKIEHWN8Rf15rwtc8u4eALemwPLvtzgyotzvp4uMxL56+QLf6gm6bcIMkPc4U435AFxHTNXNEIRrT6aqcKvqIU1UFgZwQXU7gZ3fkaSQqLPTmTELd4jy2N0LuA=="}^_^11ms,221ms,16ms^_^trace_id:0601ac3e176822819148685502186091
26-01-12.22:29:54.005 [scheduling-1    ] INFO  NoPayNotifyOrderJob    - 任务；检测未接收到或未正确处理的支付回调通知
26-01-12.22:29:54.258 [scheduling-1    ] ERROR err                    - ErrorScene^_^40004^_^ACQ.TRADE_NOT_EXIST^_^null^_^Mac OS X^_^2026-01-12 22:29:54^_^ProtocalMustParams:charset=utf-8&method=alipay.trade.query&sign=VTMxie4IeoeEIutI4e8l/Js6LyvMwAPuzl0iD8p9KUPJZOmGLvv5fl30LpdpEN+tTUtMpOOM9rnBZQeqPivHfKrUl29hQzXmKqENZarzYR53AFpHPm8NNmN5LJuXs5AiXCfy+nrZch2AYdFOMNdgdQ6YDhBEdcfn99LA07iwuRK8oiE2LUQ72tSMwf+mrYPSfEKUb/GxvxEPCu70H2H0ATz3a/LR3p7XAy0t+Bh7pDwI59UCDghqFAYJhg6EYVxGNyXeVLfB/GAYdiz2jQpWAtEh9hqYu8YFxcIBz8lEmgN3O4JQUodr/XaiGa2rL5XkUS7W+jEpp8DJzDizBQPaZg==&version=1.0&app_id=9021000159601215&sign_type=RSA2&timestamp=2026-01-12 22:29:54^_^ProtocalOptParams:alipay_sdk=alipay-sdk-java-4.38.157.ALL&format=json^_^ApplicationParams:traceId=0600019a17682281941336829257935&biz_content={"out_trade_no":"5118671528183680"}^_^Body:{"alipay_trade_query_response":{"msg":"Business Failed","code":"40004","out_trade_no":"5118671528183680","sub_msg":"交易不存在","sub_code":"ACQ.TRADE_NOT_EXIST","receipt_amount":"0.00","point_amount":"0.00","buyer_pay_amount":"0.00","invoice_amount":"0.00"},"sign":"UzWbd5qnfmFPCUILFJoJEgQ5AkT1txV0dT80I+aA5odnNCBIh9chjo8R59Y19yoTXQ1pWlkVQgMwo6kXDynpc2yMubtlWlF2eZA9DkGR0yv75j3l/u2zp3XnAB62WDGZsQDBgOCNi6bGnMZEUBwt1GDYAGiOJ64Dmt2tcR6fo1iulDOe05M7jvjlg3Pf3Y6N6IL4AWA4n64/35wNv8/1ianDHzZY6R3T1vU07GRXa928/QzfjhdgRIz9GHgebZWqDHhp6fDh8jRXCyc2y7pTB9mKOFaFUmpbSGcj5zxsjCnJv0vVzAJ3UTSGnhhgCntuS8PtgUuS1d9104Zhex0f/Q=="}^_^17ms,222ms,8ms^_^trace_id:0600019a17682281941336829257935
26-01-12.22:29:54.497 [scheduling-1    ] ERROR err                    - ErrorScene^_^40004^_^ACQ.TRADE_NOT_EXIST^_^null^_^Mac OS X^_^2026-01-12 22:29:54^_^ProtocalMustParams:charset=utf-8&method=alipay.trade.query&sign=ZrU8qQKw/qIXNLuEBIwG4lCooatZVl4kE1v4qqhsxQNykmfI1ZFBPbj+kkBFbHybhROwx1xWlNCq6jrmHx5feWR8HP1hmlOnHBmPpbuES4r8gfZNkulnAp5sPUnWa9buUdJdK03wA5XD5Y7hIHWdsLShtQqLUju8Oezhx+m/q6wxvBTjXCpBksfpOvmZzSRnyum3urrTJf61z8fCWgBIeDYOpw7mvFk3FfO4SeFQ+sShjQdaBU9mIyBnkecwOkanthTi6wo6XIZeDQOeCwWOqOPidi0lK2Ud2ZsGWpG4prVkmrQvuaswJ1iCRZlhahdd/scvw0f3ZCDdKa9xrjLEWg==&version=1.0&app_id=9021000159601215&sign_type=RSA2&timestamp=2026-01-12 22:29:54^_^ProtocalOptParams:alipay_sdk=alipay-sdk-java-4.38.157.ALL&format=json^_^ApplicationParams:traceId=0600019a17682281943586831257935&biz_content={"out_trade_no":"5316348293286606"}^_^Body:{"alipay_trade_query_response":{"msg":"Business Failed","code":"40004","out_trade_no":"5316348293286606","sub_msg":"交易不存在","sub_code":"ACQ.TRADE_NOT_EXIST","receipt_amount":"0.00","point_amount":"0.00","buyer_pay_amount":"0.00","invoice_amount":"0.00"},"sign":"klZZfx+R4wfh1dn/b4MIBla1xKMsuslar7v1wNERDZ4BspE9P2dfd+l/PP/4YO9JydZZLTE/teyxdUzwNgRwRClce0z7+vCKGYKWtlOZNGDP874Nk0K8Rd+LKTNHhDDpA1J6uHOZwPOE0JHnUDspJRh/U41CETNFE05xQTUSl8ny9tYmEAjC3ZKMbBlRKAboP24AmJ6+yJ6T+v1OpQwDnW0YQa39XKIEHWN8Rf15rwtc8u4eALemwPLvtzgyotzvp4uMxL56+QLf6gm6bcIMkPc4U435AFxHTNXNEIRrT6aqcKvqIU1UFgZwQXU7gZ3fkaSQqLPTmTELd4jy2N0LuA=="}^_^7ms,222ms,10ms^_^trace_id:0600019a17682281943586831257935
26-01-12.22:29:57.006 [scheduling-1    ] INFO  NoPayNotifyOrderJob    - 任务；检测未接收到或未正确处理的支付回调通知
26-01-12.22:29:57.279 [scheduling-1    ] ERROR err                    - ErrorScene^_^40004^_^ACQ.TRADE_NOT_EXIST^_^null^_^Mac OS X^_^2026-01-12 22:29:57^_^ProtocalMustParams:charset=utf-8&method=alipay.trade.query&sign=j5iBKSGjIZBgTXZcal5h7l2kSsIKNSTqK2q/lNRQRSxzBp3pnkjMvtZRhRRYJcnSjF5jSz/MjY+JchuaXJW9Z4tf7BTjAVXPveiLUHyrVwIOE0g04P87k5yU7EWXHjXUDwNho56Lz3XdzHhNVAd9wygTMHOPnrcsArSgqng2uqBui0sdrd5N4IT1wG/GkUV+olzNd2DzkVbkYqcihzJhuheWRRP9krqJVmSzanAq5DnVj8RhLDpmDCRb7l95X7IdozKA4aDj63+kdH+/FN85XoKkZAXO5QJnL8ULsFBaBz0Ip+Cy8VoGLpAj3VcWwyQeXH63l5Ura99AqzJ3kHxU8w==&version=1.0&app_id=9021000159601215&sign_type=RSA2&timestamp=2026-01-12 22:29:57^_^ProtocalOptParams:alipay_sdk=alipay-sdk-java-4.38.157.ALL&format=json^_^ApplicationParams:traceId=06022404176822819713667394109590&biz_content={"out_trade_no":"5118671528183680"}^_^Body:{"alipay_trade_query_response":{"msg":"Business Failed","code":"40004","out_trade_no":"5118671528183680","sub_msg":"交易不存在","sub_code":"ACQ.TRADE_NOT_EXIST","receipt_amount":"0.00","point_amount":"0.00","buyer_pay_amount":"0.00","invoice_amount":"0.00"},"sign":"UzWbd5qnfmFPCUILFJoJEgQ5AkT1txV0dT80I+aA5odnNCBIh9chjo8R59Y19yoTXQ1pWlkVQgMwo6kXDynpc2yMubtlWlF2eZA9DkGR0yv75j3l/u2zp3XnAB62WDGZsQDBgOCNi6bGnMZEUBwt1GDYAGiOJ64Dmt2tcR6fo1iulDOe05M7jvjlg3Pf3Y6N6IL4AWA4n64/35wNv8/1ianDHzZY6R3T1vU07GRXa928/QzfjhdgRIz9GHgebZWqDHhp6fDh8jRXCyc2y7pTB9mKOFaFUmpbSGcj5zxsjCnJv0vVzAJ3UTSGnhhgCntuS8PtgUuS1d9104Zhex0f/Q=="}^_^19ms,233ms,14ms^_^trace_id:06022404176822819713667394109590
26-01-12.22:29:57.504 [scheduling-1    ] ERROR err                    - ErrorScene^_^40004^_^ACQ.TRADE_NOT_EXIST^_^null^_^Mac OS X^_^2026-01-12 22:29:57^_^ProtocalMustParams:charset=utf-8&method=alipay.trade.query&sign=gcBxQIdQ99I76CJp6dHvyCdrBQ+RdHWsGAp3cueCu2jQ96M7jJn/ev1bwhz04XguNjG3yxVjsyk65wTi1SrBwabOpASr8BV4OEoigXXL+vYVhkQs7pucKyM7bgg08iCxpGPyJ0Omn67c9dg9iNJfmoGh5oimgA5JPT/Hnm0O9DJlXKEFj69RVjF2aL81bwoPYRIWZjMSvkEjTdiKVeg2pkyO4C6k5xvqXRmfhOCXf69b5M795gsWiScY10EuEj3KSgkHjZBOqRTu2hGS13vqUyqOeO2jEttYGN6HEoP/iI6TGPgibcNWbcOhjkn/+6yJjmPSavcnSfcrYTYF4ibTow==&version=1.0&app_id=9021000159601215&sign_type=RSA2&timestamp=2026-01-12 22:29:57^_^ProtocalOptParams:alipay_sdk=alipay-sdk-java-4.38.157.ALL&format=json^_^ApplicationParams:traceId=06013ec2176822819739015291330235&biz_content={"out_trade_no":"5316348293286606"}^_^Body:{"alipay_trade_query_response":{"msg":"Business Failed","code":"40004","out_trade_no":"5316348293286606","sub_msg":"交易不存在","sub_code":"ACQ.TRADE_NOT_EXIST","receipt_amount":"0.00","point_amount":"0.00","buyer_pay_amount":"0.00","invoice_amount":"0.00"},"sign":"klZZfx+R4wfh1dn/b4MIBla1xKMsuslar7v1wNERDZ4BspE9P2dfd+l/PP/4YO9JydZZLTE/teyxdUzwNgRwRClce0z7+vCKGYKWtlOZNGDP874Nk0K8Rd+LKTNHhDDpA1J6uHOZwPOE0JHnUDspJRh/U41CETNFE05xQTUSl8ny9tYmEAjC3ZKMbBlRKAboP24AmJ6+yJ6T+v1OpQwDnW0YQa39XKIEHWN8Rf15rwtc8u4eALemwPLvtzgyotzvp4uMxL56+QLf6gm6bcIMkPc4U435AFxHTNXNEIRrT6aqcKvqIU1UFgZwQXU7gZ3fkaSQqLPTmTELd4jy2N0LuA=="}^_^9ms,196ms,18ms^_^trace_id:06013ec2176822819739015291330235
26-01-12.22:30:00.006 [scheduling-1    ] INFO  NoPayNotifyOrderJob    - 任务；检测未接收到或未正确处理的支付回调通知
26-01-12.22:30:00.278 [scheduling-1    ] ERROR err                    - ErrorScene^_^40004^_^ACQ.TRADE_NOT_EXIST^_^null^_^Mac OS X^_^2026-01-12 22:30:00^_^ProtocalMustParams:charset=utf-8&method=alipay.trade.query&sign=jL/3Br7u+JauFMLVPPv4+BY3E/KErbBFND6X4UB+Fh7eO5y+gzktEVT4C9SuUcE0YbJ/3u9xeITUVVN/af2bg75aRWafQE6Ys7AOuU1sgtRAZp+wlJTRm7FmXC66dIeM0AnYBmBjlLMOPgCrp5q1NEha6I6Grx1ii4kwCkEFBxqOHyRkrv/0QxpULMR/tqtYbrr3P3OnjSbXWNGuJknovczptsqH9K4zEVt+5SDyE9wK4sK7xqw6iq2MMHKsOyDm+7M+P8N6dg3dpan+Ievfc1dsj/JKwzsKV4GBucZNdbVO7INx5K6icnz6AywB2awCvJwBxkEI6mTZA4UDfIFuhA==&version=1.0&app_id=9021000159601215&sign_type=RSA2&timestamp=2026-01-12 22:30:00^_^ProtocalOptParams:alipay_sdk=alipay-sdk-java-4.38.157.ALL&format=json^_^ApplicationParams:traceId=06013ec2176822820011715381330235&biz_content={"out_trade_no":"5118671528183680"}^_^Body:{"alipay_trade_query_response":{"msg":"Business Failed","code":"40004","out_trade_no":"5118671528183680","sub_msg":"交易不存在","sub_code":"ACQ.TRADE_NOT_EXIST","receipt_amount":"0.00","point_amount":"0.00","buyer_pay_amount":"0.00","invoice_amount":"0.00"},"sign":"UzWbd5qnfmFPCUILFJoJEgQ5AkT1txV0dT80I+aA5odnNCBIh9chjo8R59Y19yoTXQ1pWlkVQgMwo6kXDynpc2yMubtlWlF2eZA9DkGR0yv75j3l/u2zp3XnAB62WDGZsQDBgOCNi6bGnMZEUBwt1GDYAGiOJ64Dmt2tcR6fo1iulDOe05M7jvjlg3Pf3Y6N6IL4AWA4n64/35wNv8/1ianDHzZY6R3T1vU07GRXa928/QzfjhdgRIz9GHgebZWqDHhp6fDh8jRXCyc2y7pTB9mKOFaFUmpbSGcj5zxsjCnJv0vVzAJ3UTSGnhhgCntuS8PtgUuS1d9104Zhex0f/Q=="}^_^19ms,239ms,8ms^_^trace_id:06013ec2176822820011715381330235
26-01-12.22:30:00.520 [scheduling-1    ] ERROR err                    - ErrorScene^_^40004^_^ACQ.TRADE_NOT_EXIST^_^null^_^Mac OS X^_^2026-01-12 22:30:00^_^ProtocalMustParams:charset=utf-8&method=alipay.trade.query&sign=Cc5Izxe1g//0MPHbkeFJQNbov1edd115EYZNh5RKtT+r0qGMGKoXFZmsUlhsldItg9D9wQzYSONwbtbsjQtjjCvCQqdnUtIVNrjvYmXLljfuzIQZj8sR3z1cHTG2BY3ALrSGyVVrLTc3DILJqEy9JXOwzjl6XaX1ZeYN1FJ09G3coivPfyATwpM0NnRsWpWA7vE1wKJuRzrJqXrl05jvPPGeailIjCw7B99uffLgcSwvUZhkrW/lYtPcqm8juIEdtkBmCOj6BJZJ6hqEw5j5JPWDvUT2wfC6S9rR9foNVvTu+mfx7rFtafzpgprW5bw7tFhCx2lW/CLB6mYYq9VYkg==&version=1.0&app_id=9021000159601215&sign_type=RSA2&timestamp=2026-01-12 22:30:00^_^ProtocalOptParams:alipay_sdk=alipay-sdk-java-4.38.157.ALL&format=json^_^ApplicationParams:traceId=06022404176822820039367564109590&biz_content={"out_trade_no":"5316348293286606"}^_^Body:{"alipay_trade_query_response":{"msg":"Business Failed","code":"40004","out_trade_no":"5316348293286606","sub_msg":"交易不存在","sub_code":"ACQ.TRADE_NOT_EXIST","receipt_amount":"0.00","point_amount":"0.00","buyer_pay_amount":"0.00","invoice_amount":"0.00"},"sign":"klZZfx+R4wfh1dn/b4MIBla1xKMsuslar7v1wNERDZ4BspE9P2dfd+l/PP/4YO9JydZZLTE/teyxdUzwNgRwRClce0z7+vCKGYKWtlOZNGDP874Nk0K8Rd+LKTNHhDDpA1J6uHOZwPOE0JHnUDspJRh/U41CETNFE05xQTUSl8ny9tYmEAjC3ZKMbBlRKAboP24AmJ6+yJ6T+v1OpQwDnW0YQa39XKIEHWN8Rf15rwtc8u4eALemwPLvtzgyotzvp4uMxL56+QLf6gm6bcIMkPc4U435AFxHTNXNEIRrT6aqcKvqIU1UFgZwQXU7gZ3fkaSQqLPTmTELd4jy2N0LuA=="}^_^7ms,229ms,5ms^_^trace_id:06022404176822820039367564109590
26-01-12.22:30:00.520 [scheduling-1    ] INFO  TimeoutCloseOrderJob   - 任务：超时30分钟，订单关闭
26-01-12.22:30:03.002 [scheduling-1    ] INFO  NoPayNotifyOrderJob    - 任务；检测未接收到或未正确处理的支付回调通知
26-01-12.22:30:06.005 [scheduling-1    ] INFO  NoPayNotifyOrderJob    - 任务；检测未接收到或未正确处理的支付回调通知
26-01-12.22:30:09.005 [scheduling-1    ] INFO  NoPayNotifyOrderJob    - 任务；检测未接收到或未正确处理的支付回调通知
26-01-12.22:30:12.005 [scheduling-1    ] INFO  NoPayNotifyOrderJob    - 任务；检测未接收到或未正确处理的支付回调通知
26-01-12.22:30:15.006 [scheduling-1    ] INFO  NoPayNotifyOrderJob    - 任务；检测未接收到或未正确处理的支付回调通知
26-01-12.22:30:18.005 [scheduling-1    ] INFO  NoPayNotifyOrderJob    - 任务；检测未接收到或未正确处理的支付回调通知
26-01-12.22:30:21.006 [scheduling-1    ] INFO  NoPayNotifyOrderJob    - 任务；检测未接收到或未正确处理的支付回调通知
26-01-12.22:30:24.005 [scheduling-1    ] INFO  NoPayNotifyOrderJob    - 任务；检测未接收到或未正确处理的支付回调通知
26-01-12.22:30:27.004 [scheduling-1    ] INFO  NoPayNotifyOrderJob    - 任务；检测未接收到或未正确处理的支付回调通知
26-01-12.22:30:30.001 [scheduling-1    ] INFO  NoPayNotifyOrderJob    - 任务；检测未接收到或未正确处理的支付回调通知
26-01-12.22:30:33.005 [scheduling-1    ] INFO  NoPayNotifyOrderJob    - 任务；检测未接收到或未正确处理的支付回调通知
26-01-12.22:30:33.785 [SpringApplicationShutdownHook] INFO  HikariDataSource       - HikariPool-1 - Shutdown initiated...
26-01-12.22:30:33.803 [SpringApplicationShutdownHook] INFO  HikariDataSource       - HikariPool-1 - Shutdown completed.
26-01-12.22:30:35.823 [main            ] INFO  Application            - Starting Application using Java 1.8.0_471 on HanMacBook-Pro.local with PID 74277 (/Users/vvd/1024/Java-Project/s-pay-mall-mvc-vvd/s-pay-mall-web/target/classes started by vvd in /Users/vvd/1024/Java-Project/s-pay-mall-mvc-vvd)
26-01-12.22:30:35.825 [main            ] INFO  Application            - The following 1 profile is active: "dev"
26-01-12.22:30:36.392 [main            ] INFO  TomcatWebServer        - Tomcat initialized with port(s): 8080 (http)
26-01-12.22:30:36.398 [main            ] INFO  Http11NioProtocol      - Initializing ProtocolHandler ["http-nio-8080"]
26-01-12.22:30:36.398 [main            ] INFO  StandardService        - Starting service [Tomcat]
26-01-12.22:30:36.398 [main            ] INFO  StandardEngine         - Starting Servlet engine: [Apache Tomcat/9.0.75]
26-01-12.22:30:36.513 [main            ] INFO  [/]                    - Initializing Spring embedded WebApplicationContext
26-01-12.22:30:36.513 [main            ] INFO  ServletWebServerApplicationContext - Root WebApplicationContext: initialization completed in 658 ms
26-01-12.22:30:37.265 [main            ] INFO  Http11NioProtocol      - Starting ProtocolHandler ["http-nio-8080"]
26-01-12.22:30:37.291 [main            ] INFO  TomcatWebServer        - Tomcat started on port(s): 8080 (http) with context path ''
26-01-12.22:30:37.301 [main            ] INFO  Application            - Started Application in 1.723 seconds (JVM running for 2.218)
26-01-12.22:30:39.005 [scheduling-1    ] INFO  NoPayNotifyOrderJob    - 任务；检测未接收到或未正确处理的支付回调通知
26-01-12.22:30:39.048 [scheduling-1    ] INFO  HikariDataSource       - HikariPool-1 - Starting...
26-01-12.22:30:39.288 [scheduling-1    ] INFO  HikariDataSource       - HikariPool-1 - Start completed.
26-01-12.22:30:42.005 [scheduling-1    ] INFO  NoPayNotifyOrderJob    - 任务；检测未接收到或未正确处理的支付回调通知
26-01-12.22:30:45.000 [scheduling-1    ] INFO  NoPayNotifyOrderJob    - 任务；检测未接收到或未正确处理的支付回调通知
26-01-12.22:30:48.005 [scheduling-1    ] INFO  NoPayNotifyOrderJob    - 任务；检测未接收到或未正确处理的支付回调通知
26-01-12.22:30:51.005 [scheduling-1    ] INFO  NoPayNotifyOrderJob    - 任务；检测未接收到或未正确处理的支付回调通知
26-01-12.22:30:54.002 [scheduling-1    ] INFO  NoPayNotifyOrderJob    - 任务；检测未接收到或未正确处理的支付回调通知
26-01-12.22:30:57.005 [scheduling-1    ] INFO  NoPayNotifyOrderJob    - 任务；检测未接收到或未正确处理的支付回调通知
26-01-12.22:31:00.005 [scheduling-1    ] INFO  NoPayNotifyOrderJob    - 任务；检测未接收到或未正确处理的支付回调通知
26-01-12.22:31:03.004 [scheduling-1    ] INFO  NoPayNotifyOrderJob    - 任务；检测未接收到或未正确处理的支付回调通知
26-01-12.22:31:06.002 [scheduling-1    ] INFO  NoPayNotifyOrderJob    - 任务；检测未接收到或未正确处理的支付回调通知
26-01-12.22:31:09.001 [scheduling-1    ] INFO  NoPayNotifyOrderJob    - 任务；检测未接收到或未正确处理的支付回调通知
26-01-12.22:31:12.005 [scheduling-1    ] INFO  NoPayNotifyOrderJob    - 任务；检测未接收到或未正确处理的支付回调通知
26-01-12.22:31:15.001 [scheduling-1    ] INFO  NoPayNotifyOrderJob    - 任务；检测未接收到或未正确处理的支付回调通知
26-01-12.22:31:18.001 [scheduling-1    ] INFO  NoPayNotifyOrderJob    - 任务；检测未接收到或未正确处理的支付回调通知
26-01-12.22:31:21.005 [scheduling-1    ] INFO  NoPayNotifyOrderJob    - 任务；检测未接收到或未正确处理的支付回调通知
26-01-12.22:31:24.006 [scheduling-1    ] INFO  NoPayNotifyOrderJob    - 任务；检测未接收到或未正确处理的支付回调通知
26-01-12.22:31:27.001 [scheduling-1    ] INFO  NoPayNotifyOrderJob    - 任务；检测未接收到或未正确处理的支付回调通知
26-01-12.22:31:30.002 [scheduling-1    ] INFO  NoPayNotifyOrderJob    - 任务；检测未接收到或未正确处理的支付回调通知
26-01-12.22:31:33.003 [scheduling-1    ] INFO  NoPayNotifyOrderJob    - 任务；检测未接收到或未正确处理的支付回调通知
26-01-12.22:31:36.003 [scheduling-1    ] INFO  NoPayNotifyOrderJob    - 任务；检测未接收到或未正确处理的支付回调通知
26-01-12.22:31:39.002 [scheduling-1    ] INFO  NoPayNotifyOrderJob    - 任务；检测未接收到或未正确处理的支付回调通知
26-01-12.22:31:42.005 [scheduling-1    ] INFO  NoPayNotifyOrderJob    - 任务；检测未接收到或未正确处理的支付回调通知
26-01-12.22:31:45.005 [scheduling-1    ] INFO  NoPayNotifyOrderJob    - 任务；检测未接收到或未正确处理的支付回调通知
26-01-12.22:31:48.001 [scheduling-1    ] INFO  NoPayNotifyOrderJob    - 任务；检测未接收到或未正确处理的支付回调通知
26-01-12.22:31:51.004 [scheduling-1    ] INFO  NoPayNotifyOrderJob    - 任务；检测未接收到或未正确处理的支付回调通知
26-01-12.22:31:54.003 [scheduling-1    ] INFO  NoPayNotifyOrderJob    - 任务；检测未接收到或未正确处理的支付回调通知
26-01-12.22:31:57.003 [scheduling-1    ] INFO  NoPayNotifyOrderJob    - 任务；检测未接收到或未正确处理的支付回调通知
26-01-12.22:32:00.003 [scheduling-1    ] INFO  NoPayNotifyOrderJob    - 任务；检测未接收到或未正确处理的支付回调通知
26-01-12.22:32:03.004 [scheduling-1    ] INFO  NoPayNotifyOrderJob    - 任务；检测未接收到或未正确处理的支付回调通知
26-01-12.22:32:06.006 [scheduling-1    ] INFO  NoPayNotifyOrderJob    - 任务；检测未接收到或未正确处理的支付回调通知
26-01-12.22:32:09.003 [scheduling-1    ] INFO  NoPayNotifyOrderJob    - 任务；检测未接收到或未正确处理的支付回调通知
26-01-12.22:32:12.003 [scheduling-1    ] INFO  NoPayNotifyOrderJob    - 任务；检测未接收到或未正确处理的支付回调通知
26-01-12.22:32:15.003 [scheduling-1    ] INFO  NoPayNotifyOrderJob    - 任务；检测未接收到或未正确处理的支付回调通知
26-01-12.22:32:18.005 [scheduling-1    ] INFO  NoPayNotifyOrderJob    - 任务；检测未接收到或未正确处理的支付回调通知
26-01-12.22:32:21.000 [scheduling-1    ] INFO  NoPayNotifyOrderJob    - 任务；检测未接收到或未正确处理的支付回调通知
26-01-12.22:32:24.003 [scheduling-1    ] INFO  NoPayNotifyOrderJob    - 任务；检测未接收到或未正确处理的支付回调通知
26-01-12.22:32:27.004 [scheduling-1    ] INFO  NoPayNotifyOrderJob    - 任务；检测未接收到或未正确处理的支付回调通知
26-01-12.22:32:30.002 [scheduling-1    ] INFO  NoPayNotifyOrderJob    - 任务；检测未接收到或未正确处理的支付回调通知
26-01-12.22:32:33.002 [scheduling-1    ] INFO  NoPayNotifyOrderJob    - 任务；检测未接收到或未正确处理的支付回调通知
26-01-12.22:32:36.004 [scheduling-1    ] INFO  NoPayNotifyOrderJob    - 任务；检测未接收到或未正确处理的支付回调通知
26-01-12.22:32:39.004 [scheduling-1    ] INFO  NoPayNotifyOrderJob    - 任务；检测未接收到或未正确处理的支付回调通知
26-01-12.22:32:42.002 [scheduling-1    ] INFO  NoPayNotifyOrderJob    - 任务；检测未接收到或未正确处理的支付回调通知
26-01-12.22:32:45.002 [scheduling-1    ] INFO  NoPayNotifyOrderJob    - 任务；检测未接收到或未正确处理的支付回调通知
26-01-12.22:32:48.005 [scheduling-1    ] INFO  NoPayNotifyOrderJob    - 任务；检测未接收到或未正确处理的支付回调通知
26-01-12.22:32:51.000 [scheduling-1    ] INFO  NoPayNotifyOrderJob    - 任务；检测未接收到或未正确处理的支付回调通知
26-01-12.22:32:54.005 [scheduling-1    ] INFO  NoPayNotifyOrderJob    - 任务；检测未接收到或未正确处理的支付回调通知
26-01-12.22:32:57.005 [scheduling-1    ] INFO  NoPayNotifyOrderJob    - 任务；检测未接收到或未正确处理的支付回调通知
26-01-12.22:33:00.003 [scheduling-1    ] INFO  NoPayNotifyOrderJob    - 任务；检测未接收到或未正确处理的支付回调通知
26-01-12.22:33:03.003 [scheduling-1    ] INFO  NoPayNotifyOrderJob    - 任务；检测未接收到或未正确处理的支付回调通知
26-01-12.22:33:06.000 [scheduling-1    ] INFO  NoPayNotifyOrderJob    - 任务；检测未接收到或未正确处理的支付回调通知
26-01-12.22:33:09.006 [scheduling-1    ] INFO  NoPayNotifyOrderJob    - 任务；检测未接收到或未正确处理的支付回调通知
26-01-12.22:33:12.005 [scheduling-1    ] INFO  NoPayNotifyOrderJob    - 任务；检测未接收到或未正确处理的支付回调通知
26-01-12.22:33:15.006 [scheduling-1    ] INFO  NoPayNotifyOrderJob    - 任务；检测未接收到或未正确处理的支付回调通知
26-01-12.22:33:18.000 [scheduling-1    ] INFO  NoPayNotifyOrderJob    - 任务；检测未接收到或未正确处理的支付回调通知
26-01-12.22:33:21.006 [scheduling-1    ] INFO  NoPayNotifyOrderJob    - 任务；检测未接收到或未正确处理的支付回调通知
26-01-12.22:33:24.005 [scheduling-1    ] INFO  NoPayNotifyOrderJob    - 任务；检测未接收到或未正确处理的支付回调通知
26-01-12.22:33:27.002 [scheduling-1    ] INFO  NoPayNotifyOrderJob    - 任务；检测未接收到或未正确处理的支付回调通知
26-01-12.22:33:28.522 [SpringApplicationShutdownHook] INFO  HikariDataSource       - HikariPool-1 - Shutdown initiated...
26-01-12.22:33:28.533 [SpringApplicationShutdownHook] INFO  HikariDataSource       - HikariPool-1 - Shutdown completed.
26-01-12.22:33:30.281 [main            ] INFO  Application            - Starting Application using Java 1.8.0_471 on HanMacBook-Pro.local with PID 74312 (/Users/vvd/1024/Java-Project/s-pay-mall-mvc-vvd/s-pay-mall-web/target/classes started by vvd in /Users/vvd/1024/Java-Project/s-pay-mall-mvc-vvd)
26-01-12.22:33:30.283 [main            ] INFO  Application            - The following 1 profile is active: "dev"
26-01-12.22:33:30.928 [main            ] INFO  TomcatWebServer        - Tomcat initialized with port(s): 8080 (http)
26-01-12.22:33:30.934 [main            ] INFO  Http11NioProtocol      - Initializing ProtocolHandler ["http-nio-8080"]
26-01-12.22:33:30.934 [main            ] INFO  StandardService        - Starting service [Tomcat]
26-01-12.22:33:30.935 [main            ] INFO  StandardEngine         - Starting Servlet engine: [Apache Tomcat/9.0.75]
26-01-12.22:33:31.049 [main            ] INFO  [/]                    - Initializing Spring embedded WebApplicationContext
26-01-12.22:33:31.049 [main            ] INFO  ServletWebServerApplicationContext - Root WebApplicationContext: initialization completed in 733 ms
26-01-12.22:33:31.822 [main            ] INFO  Http11NioProtocol      - Starting ProtocolHandler ["http-nio-8080"]
26-01-12.22:33:31.853 [main            ] INFO  TomcatWebServer        - Tomcat started on port(s): 8080 (http) with context path ''
26-01-12.22:33:31.863 [main            ] INFO  Application            - Started Application in 1.837 seconds (JVM running for 2.426)
26-01-12.22:33:33.004 [scheduling-1    ] INFO  NoPayNotifyOrderJob    - 任务；检测未接收到或未正确处理的支付回调通知
26-01-12.22:33:33.034 [scheduling-1    ] INFO  HikariDataSource       - HikariPool-1 - Starting...
26-01-12.22:33:33.293 [scheduling-1    ] INFO  HikariDataSource       - HikariPool-1 - Start completed.
26-01-12.22:33:34.633 [http-nio-8080-exec-1] INFO  [/]                    - Initializing Spring DispatcherServlet 'dispatcherServlet'
26-01-12.22:33:34.633 [http-nio-8080-exec-1] INFO  DispatcherServlet      - Initializing Servlet 'dispatcherServlet'
26-01-12.22:33:34.633 [http-nio-8080-exec-1] INFO  DispatcherServlet      - Completed initialization in 0 ms
26-01-12.22:33:35.619 [http-nio-8080-exec-1] INFO  LoginController        - 创建微信二维码ticket完成gQHk7zwAAAAAAAAAAS5odHRwOi8vd2VpeGluLnFxLmNvbS9xLzAyMzR6YXBZM1dlVHMxRV9qYzFGMXMAAgQ-BmVpAwQAjScA
26-01-12.22:33:36.005 [scheduling-1    ] INFO  NoPayNotifyOrderJob    - 任务；检测未接收到或未正确处理的支付回调通知
26-01-12.22:33:39.002 [scheduling-1    ] INFO  NoPayNotifyOrderJob    - 任务；检测未接收到或未正确处理的支付回调通知
26-01-12.22:33:42.005 [scheduling-1    ] INFO  NoPayNotifyOrderJob    - 任务；检测未接收到或未正确处理的支付回调通知
26-01-12.22:33:43.773 [http-nio-8080-exec-3] INFO  WeixinPortalController - 接收微信公众号信息请求og3q33P7uHRse-kH-x0Qk1M_Yq48开始 <xml><ToUserName><![CDATA[gh_0d537f05e054]]></ToUserName>
<FromUserName><![CDATA[og3q33P7uHRse-kH-x0Qk1M_Yq48]]></FromUserName>
<CreateTime>1768228423</CreateTime>
<MsgType><![CDATA[event]]></MsgType>
<Event><![CDATA[SCAN]]></Event>
<EventKey><![CDATA[100601]]></EventKey>
<Ticket><![CDATA[gQHk7zwAAAAAAAAAAS5odHRwOi8vd2VpeGluLnFxLmNvbS9xLzAyMzR6YXBZM1dlVHMxRV9qYzFGMXMAAgQ-BmVpAwQAjScA]]></Ticket>
</xml>
26-01-12.22:33:45.006 [scheduling-1    ] INFO  NoPayNotifyOrderJob    - 任务；检测未接收到或未正确处理的支付回调通知
26-01-12.22:33:45.261 [http-nio-8080-exec-5] INFO  WeixinPortalController - 接收微信公众号信息请求og3q33P7uHRse-kH-x0Qk1M_Yq48开始 <xml><ToUserName><![CDATA[gh_0d537f05e054]]></ToUserName>
<FromUserName><![CDATA[og3q33P7uHRse-kH-x0Qk1M_Yq48]]></FromUserName>
<CreateTime>1768228425</CreateTime>
<MsgType><![CDATA[event]]></MsgType>
<Event><![CDATA[TEMPLATESENDJOBFINISH]]></Event>
<MsgID>4339194610028593160</MsgID>
<Status><![CDATA[success]]></Status>
</xml>
26-01-12.22:33:48.003 [scheduling-1    ] INFO  NoPayNotifyOrderJob    - 任务；检测未接收到或未正确处理的支付回调通知
26-01-12.22:33:51.005 [scheduling-1    ] INFO  NoPayNotifyOrderJob    - 任务；检测未接收到或未正确处理的支付回调通知
26-01-12.22:33:54.003 [scheduling-1    ] INFO  NoPayNotifyOrderJob    - 任务；检测未接收到或未正确处理的支付回调通知
26-01-12.22:33:57.005 [scheduling-1    ] INFO  NoPayNotifyOrderJob    - 任务；检测未接收到或未正确处理的支付回调通知
26-01-12.22:34:00.005 [scheduling-1    ] INFO  NoPayNotifyOrderJob    - 任务；检测未接收到或未正确处理的支付回调通知
26-01-12.22:34:03.000 [scheduling-1    ] INFO  NoPayNotifyOrderJob    - 任务；检测未接收到或未正确处理的支付回调通知
26-01-12.22:34:06.003 [scheduling-1    ] INFO  NoPayNotifyOrderJob    - 任务；检测未接收到或未正确处理的支付回调通知
26-01-12.22:34:09.005 [scheduling-1    ] INFO  NoPayNotifyOrderJob    - 任务；检测未接收到或未正确处理的支付回调通知
26-01-12.22:34:12.006 [scheduling-1    ] INFO  NoPayNotifyOrderJob    - 任务；检测未接收到或未正确处理的支付回调通知
26-01-12.22:34:15.000 [scheduling-1    ] INFO  NoPayNotifyOrderJob    - 任务；检测未接收到或未正确处理的支付回调通知
26-01-12.22:34:18.005 [scheduling-1    ] INFO  NoPayNotifyOrderJob    - 任务；检测未接收到或未正确处理的支付回调通知
26-01-12.22:34:21.005 [scheduling-1    ] INFO  NoPayNotifyOrderJob    - 任务；检测未接收到或未正确处理的支付回调通知
26-01-12.22:34:24.000 [scheduling-1    ] INFO  NoPayNotifyOrderJob    - 任务；检测未接收到或未正确处理的支付回调通知
26-01-12.22:34:27.006 [scheduling-1    ] INFO  NoPayNotifyOrderJob    - 任务；检测未接收到或未正确处理的支付回调通知
26-01-12.22:34:27.452 [SpringApplicationShutdownHook] INFO  HikariDataSource       - HikariPool-1 - Shutdown initiated...
26-01-12.22:34:27.462 [SpringApplicationShutdownHook] INFO  HikariDataSource       - HikariPool-1 - Shutdown completed.
26-01-12.22:34:29.048 [main            ] INFO  Application            - Starting Application using Java 1.8.0_471 on HanMacBook-Pro.local with PID 74326 (/Users/vvd/1024/Java-Project/s-pay-mall-mvc-vvd/s-pay-mall-web/target/classes started by vvd in /Users/vvd/1024/Java-Project/s-pay-mall-mvc-vvd)
26-01-12.22:34:29.050 [main            ] INFO  Application            - The following 1 profile is active: "dev"
26-01-12.22:34:29.635 [main            ] INFO  TomcatWebServer        - Tomcat initialized with port(s): 8080 (http)
26-01-12.22:34:29.641 [main            ] INFO  Http11NioProtocol      - Initializing ProtocolHandler ["http-nio-8080"]
26-01-12.22:34:29.641 [main            ] INFO  StandardService        - Starting service [Tomcat]
26-01-12.22:34:29.641 [main            ] INFO  StandardEngine         - Starting Servlet engine: [Apache Tomcat/9.0.75]
26-01-12.22:34:29.751 [main            ] INFO  [/]                    - Initializing Spring embedded WebApplicationContext
26-01-12.22:34:29.751 [main            ] INFO  ServletWebServerApplicationContext - Root WebApplicationContext: initialization completed in 671 ms
26-01-12.22:34:30.576 [main            ] INFO  Http11NioProtocol      - Starting ProtocolHandler ["http-nio-8080"]
26-01-12.22:34:30.596 [main            ] INFO  TomcatWebServer        - Tomcat started on port(s): 8080 (http) with context path ''
26-01-12.22:34:30.605 [main            ] INFO  Application            - Started Application in 1.807 seconds (JVM running for 2.334)
26-01-12.22:34:33.006 [scheduling-1    ] INFO  NoPayNotifyOrderJob    - 任务；检测未接收到或未正确处理的支付回调通知
26-01-12.22:34:33.057 [scheduling-1    ] INFO  HikariDataSource       - HikariPool-1 - Starting...
26-01-12.22:34:33.377 [scheduling-1    ] INFO  HikariDataSource       - HikariPool-1 - Start completed.
26-01-12.22:34:35.693 [http-nio-8080-exec-1] INFO  [/]                    - Initializing Spring DispatcherServlet 'dispatcherServlet'
26-01-12.22:34:35.693 [http-nio-8080-exec-1] INFO  DispatcherServlet      - Initializing Servlet 'dispatcherServlet'
26-01-12.22:34:35.694 [http-nio-8080-exec-1] INFO  DispatcherServlet      - Completed initialization in 1 ms
26-01-12.22:34:36.004 [scheduling-1    ] INFO  NoPayNotifyOrderJob    - 任务；检测未接收到或未正确处理的支付回调通知
26-01-12.22:34:36.494 [http-nio-8080-exec-1] INFO  LoginController        - 创建微信二维码ticket完成gQGI7zwAAAAAAAAAAS5odHRwOi8vd2VpeGluLnFxLmNvbS9xLzAyc0tRam9sM1dlVHMxRllqYzFGMU4AAgR8BmVpAwQAjScA
26-01-12.22:34:39.005 [scheduling-1    ] INFO  NoPayNotifyOrderJob    - 任务；检测未接收到或未正确处理的支付回调通知
26-01-12.22:34:39.553 [http-nio-8080-exec-2] INFO  LoginController        - 扫码检测登录结果 ticket:gQGI7zwAAAAAAAAAAS5odHRwOi8vd2VpeGluLnFxLmNvbS9xLzAyc0tRam9sM1dlVHMxRllqYzFGMU4AAgR8BmVpAwQAjScA openidToken:null
26-01-12.22:34:39.623 [http-nio-8080-exec-3] INFO  WeixinPortalController - 接收微信公众号信息请求og3q33P7uHRse-kH-x0Qk1M_Yq48开始 <xml><ToUserName><![CDATA[gh_0d537f05e054]]></ToUserName>
<FromUserName><![CDATA[og3q33P7uHRse-kH-x0Qk1M_Yq48]]></FromUserName>
<CreateTime>1768228479</CreateTime>
<MsgType><![CDATA[event]]></MsgType>
<Event><![CDATA[SCAN]]></Event>
<EventKey><![CDATA[100601]]></EventKey>
<Ticket><![CDATA[gQGI7zwAAAAAAAAAAS5odHRwOi8vd2VpeGluLnFxLmNvbS9xLzAyc0tRam9sM1dlVHMxRllqYzFGMU4AAgR8BmVpAwQAjScA]]></Ticket>
</xml>
26-01-12.22:34:40.997 [http-nio-8080-exec-5] INFO  WeixinPortalController - 接收微信公众号信息请求og3q33P7uHRse-kH-x0Qk1M_Yq48开始 <xml><ToUserName><![CDATA[gh_0d537f05e054]]></ToUserName>
<FromUserName><![CDATA[og3q33P7uHRse-kH-x0Qk1M_Yq48]]></FromUserName>
<CreateTime>1768228480</CreateTime>
<MsgType><![CDATA[event]]></MsgType>
<Event><![CDATA[TEMPLATESENDJOBFINISH]]></Event>
<MsgID>4339195546281132035</MsgID>
<Status><![CDATA[success]]></Status>
</xml>
26-01-12.22:34:42.001 [scheduling-1    ] INFO  NoPayNotifyOrderJob    - 任务；检测未接收到或未正确处理的支付回调通知
26-01-12.22:34:42.529 [http-nio-8080-exec-7] INFO  LoginController        - 扫码检测登录结果 ticket:gQGI7zwAAAAAAAAAAS5odHRwOi8vd2VpeGluLnFxLmNvbS9xLzAyc0tRam9sM1dlVHMxRllqYzFGMU4AAgR8BmVpAwQAjScA openidToken:og3q33P7uHRse-kH-x0Qk1M_Yq48
26-01-12.22:34:45.003 [scheduling-1    ] INFO  NoPayNotifyOrderJob    - 任务；检测未接收到或未正确处理的支付回调通知
26-01-12.22:34:48.004 [scheduling-1    ] INFO  NoPayNotifyOrderJob    - 任务；检测未接收到或未正确处理的支付回调通知
26-01-12.22:34:51.002 [scheduling-1    ] INFO  NoPayNotifyOrderJob    - 任务；检测未接收到或未正确处理的支付回调通知
26-01-12.22:34:54.006 [scheduling-1    ] INFO  NoPayNotifyOrderJob    - 任务；检测未接收到或未正确处理的支付回调通知
26-01-12.22:34:57.002 [scheduling-1    ] INFO  NoPayNotifyOrderJob    - 任务；检测未接收到或未正确处理的支付回调通知
26-01-12.22:35:00.000 [scheduling-1    ] INFO  NoPayNotifyOrderJob    - 任务；检测未接收到或未正确处理的支付回调通知
26-01-12.22:35:03.005 [scheduling-1    ] INFO  NoPayNotifyOrderJob    - 任务；检测未接收到或未正确处理的支付回调通知
26-01-12.22:35:06.001 [scheduling-1    ] INFO  NoPayNotifyOrderJob    - 任务；检测未接收到或未正确处理的支付回调通知
26-01-12.22:35:09.003 [scheduling-1    ] INFO  NoPayNotifyOrderJob    - 任务；检测未接收到或未正确处理的支付回调通知
26-01-12.22:35:12.005 [scheduling-1    ] INFO  NoPayNotifyOrderJob    - 任务；检测未接收到或未正确处理的支付回调通知
26-01-12.22:35:15.005 [scheduling-1    ] INFO  NoPayNotifyOrderJob    - 任务；检测未接收到或未正确处理的支付回调通知
26-01-12.22:35:18.006 [scheduling-1    ] INFO  NoPayNotifyOrderJob    - 任务；检测未接收到或未正确处理的支付回调通知
26-01-12.22:35:21.004 [scheduling-1    ] INFO  NoPayNotifyOrderJob    - 任务；检测未接收到或未正确处理的支付回调通知
26-01-12.22:35:24.003 [scheduling-1    ] INFO  NoPayNotifyOrderJob    - 任务；检测未接收到或未正确处理的支付回调通知
26-01-12.22:35:27.005 [scheduling-1    ] INFO  NoPayNotifyOrderJob    - 任务；检测未接收到或未正确处理的支付回调通知
26-01-12.22:35:30.001 [scheduling-1    ] INFO  NoPayNotifyOrderJob    - 任务；检测未接收到或未正确处理的支付回调通知
26-01-12.22:35:33.006 [scheduling-1    ] INFO  NoPayNotifyOrderJob    - 任务；检测未接收到或未正确处理的支付回调通知
26-01-12.22:35:36.005 [scheduling-1    ] INFO  NoPayNotifyOrderJob    - 任务；检测未接收到或未正确处理的支付回调通知
26-01-12.22:35:39.005 [scheduling-1    ] INFO  NoPayNotifyOrderJob    - 任务；检测未接收到或未正确处理的支付回调通知
26-01-12.22:35:42.005 [scheduling-1    ] INFO  NoPayNotifyOrderJob    - 任务；检测未接收到或未正确处理的支付回调通知
26-01-12.22:35:42.547 [SpringApplicationShutdownHook] INFO  HikariDataSource       - HikariPool-1 - Shutdown initiated...
26-01-12.22:35:42.568 [SpringApplicationShutdownHook] INFO  HikariDataSource       - HikariPool-1 - Shutdown completed.
26-01-12.22:35:44.154 [main            ] INFO  Application            - Starting Application using Java 1.8.0_471 on HanMacBook-Pro.local with PID 74341 (/Users/vvd/1024/Java-Project/s-pay-mall-mvc-vvd/s-pay-mall-web/target/classes started by vvd in /Users/vvd/1024/Java-Project/s-pay-mall-mvc-vvd)
26-01-12.22:35:44.156 [main            ] INFO  Application            - The following 1 profile is active: "dev"
26-01-12.22:35:44.821 [main            ] INFO  TomcatWebServer        - Tomcat initialized with port(s): 8080 (http)
26-01-12.22:35:44.827 [main            ] INFO  Http11NioProtocol      - Initializing ProtocolHandler ["http-nio-8080"]
26-01-12.22:35:44.828 [main            ] INFO  StandardService        - Starting service [Tomcat]
26-01-12.22:35:44.828 [main            ] INFO  StandardEngine         - Starting Servlet engine: [Apache Tomcat/9.0.75]
26-01-12.22:35:44.965 [main            ] INFO  [/]                    - Initializing Spring embedded WebApplicationContext
26-01-12.22:35:44.965 [main            ] INFO  ServletWebServerApplicationContext - Root WebApplicationContext: initialization completed in 777 ms
26-01-12.22:35:45.770 [main            ] INFO  Http11NioProtocol      - Starting ProtocolHandler ["http-nio-8080"]
26-01-12.22:35:45.796 [main            ] INFO  TomcatWebServer        - Tomcat started on port(s): 8080 (http) with context path ''
26-01-12.22:35:45.806 [main            ] INFO  Application            - Started Application in 1.906 seconds (JVM running for 2.435)
26-01-12.22:35:48.005 [scheduling-1    ] INFO  NoPayNotifyOrderJob    - 任务；检测未接收到或未正确处理的支付回调通知
26-01-12.22:35:48.039 [scheduling-1    ] INFO  HikariDataSource       - HikariPool-1 - Starting...
26-01-12.22:35:48.301 [scheduling-1    ] INFO  HikariDataSource       - HikariPool-1 - Start completed.
26-01-12.22:35:51.005 [scheduling-1    ] INFO  NoPayNotifyOrderJob    - 任务；检测未接收到或未正确处理的支付回调通知
26-01-12.22:35:51.139 [http-nio-8080-exec-1] INFO  [/]                    - Initializing Spring DispatcherServlet 'dispatcherServlet'
26-01-12.22:35:51.139 [http-nio-8080-exec-1] INFO  DispatcherServlet      - Initializing Servlet 'dispatcherServlet'
26-01-12.22:35:51.140 [http-nio-8080-exec-1] INFO  DispatcherServlet      - Completed initialization in 1 ms
26-01-12.22:35:51.306 [http-nio-8080-exec-2] INFO  AliPayController       - 商品下单，根据商品ID创建支付单开始 userId:og3q33P7uHRse-kH-x0Qk1M_Yq48 productId:og3q33P7uHRse-kH-x0Qk1M_Yq48
26-01-12.22:35:51.463 [http-nio-8080-exec-2] INFO  AliPayController       - 商品下单，根据商品ID创建支付单完成 userId:og3q33P7uHRse-kH-x0Qk1M_Yq48 productId:100010090091 orderId:2570750916710255
26-01-12.22:35:54.001 [scheduling-1    ] INFO  NoPayNotifyOrderJob    - 任务；检测未接收到或未正确处理的支付回调通知
26-01-12.22:35:57.005 [scheduling-1    ] INFO  NoPayNotifyOrderJob    - 任务；检测未接收到或未正确处理的支付回调通知
26-01-12.22:36:00.006 [scheduling-1    ] INFO  NoPayNotifyOrderJob    - 任务；检测未接收到或未正确处理的支付回调通知
26-01-12.22:36:03.005 [scheduling-1    ] INFO  NoPayNotifyOrderJob    - 任务；检测未接收到或未正确处理的支付回调通知
26-01-12.22:36:06.004 [scheduling-1    ] INFO  NoPayNotifyOrderJob    - 任务；检测未接收到或未正确处理的支付回调通知
26-01-12.22:36:09.004 [scheduling-1    ] INFO  NoPayNotifyOrderJob    - 任务；检测未接收到或未正确处理的支付回调通知
26-01-12.22:36:12.000 [scheduling-1    ] INFO  NoPayNotifyOrderJob    - 任务；检测未接收到或未正确处理的支付回调通知
26-01-12.22:36:15.008 [scheduling-1    ] INFO  NoPayNotifyOrderJob    - 任务；检测未接收到或未正确处理的支付回调通知
26-01-12.22:36:18.005 [scheduling-1    ] INFO  NoPayNotifyOrderJob    - 任务；检测未接收到或未正确处理的支付回调通知
26-01-12.22:36:19.854 [http-nio-8080-exec-3] INFO  AliPayController       - 支付回调，消息接收 TRADE_SUCCESS
26-01-12.22:36:19.861 [http-nio-8080-exec-3] INFO  AliPayController       - 支付回调，交易名称: 测试商品
26-01-12.22:36:19.861 [http-nio-8080-exec-3] INFO  AliPayController       - 支付回调，交易状态: TRADE_SUCCESS
26-01-12.22:36:19.861 [http-nio-8080-exec-3] INFO  AliPayController       - 支付回调，支付宝交易凭证号: 2026011222001431280507198391
26-01-12.22:36:19.861 [http-nio-8080-exec-3] INFO  AliPayController       - 支付回调，商户订单号: 2570750916710255
26-01-12.22:36:19.861 [http-nio-8080-exec-3] INFO  AliPayController       - 支付回调，交易金额: 0.01
26-01-12.22:36:19.861 [http-nio-8080-exec-3] INFO  AliPayController       - 支付回调，买家在支付宝唯一id: 2088722092131287
26-01-12.22:36:19.861 [http-nio-8080-exec-3] INFO  AliPayController       - 支付回调，买家付款时间: 2026-01-12 22:36:17
26-01-12.22:36:19.862 [http-nio-8080-exec-3] INFO  AliPayController       - 支付回调，买家付款金额: 0.01
26-01-12.22:36:19.862 [http-nio-8080-exec-3] INFO  AliPayController       - 支付回调，支付回调，更新订单 2570750916710255
26-01-12.22:36:19.911 [http-nio-8080-exec-3] INFO  OrderPaySuccessListener - 收到支付成功消息，可以做接下来的事情，如；发货、充值、开户员、返利 {"orderId":"2570750916710255","status":"PAY_SUCCESS"}
26-01-12.22:36:21.005 [scheduling-1    ] INFO  NoPayNotifyOrderJob    - 任务；检测未接收到或未正确处理的支付回调通知
26-01-12.22:36:24.003 [scheduling-1    ] INFO  NoPayNotifyOrderJob    - 任务；检测未接收到或未正确处理的支付回调通知
26-01-12.22:36:27.005 [scheduling-1    ] INFO  NoPayNotifyOrderJob    - 任务；检测未接收到或未正确处理的支付回调通知
26-01-12.22:36:30.002 [scheduling-1    ] INFO  NoPayNotifyOrderJob    - 任务；检测未接收到或未正确处理的支付回调通知
26-01-12.22:36:33.006 [scheduling-1    ] INFO  NoPayNotifyOrderJob    - 任务；检测未接收到或未正确处理的支付回调通知
26-01-12.22:36:36.006 [scheduling-1    ] INFO  NoPayNotifyOrderJob    - 任务；检测未接收到或未正确处理的支付回调通知
26-01-12.22:36:39.005 [scheduling-1    ] INFO  NoPayNotifyOrderJob    - 任务；检测未接收到或未正确处理的支付回调通知
26-01-12.22:36:42.005 [scheduling-1    ] INFO  NoPayNotifyOrderJob    - 任务；检测未接收到或未正确处理的支付回调通知
26-01-12.22:36:45.001 [scheduling-1    ] INFO  NoPayNotifyOrderJob    - 任务；检测未接收到或未正确处理的支付回调通知
26-01-12.22:36:48.004 [scheduling-1    ] INFO  NoPayNotifyOrderJob    - 任务；检测未接收到或未正确处理的支付回调通知
26-01-12.22:36:51.003 [scheduling-1    ] INFO  NoPayNotifyOrderJob    - 任务；检测未接收到或未正确处理的支付回调通知
26-01-12.22:36:54.004 [scheduling-1    ] INFO  NoPayNotifyOrderJob    - 任务；检测未接收到或未正确处理的支付回调通知
26-01-12.22:36:57.004 [scheduling-1    ] INFO  NoPayNotifyOrderJob    - 任务；检测未接收到或未正确处理的支付回调通知
26-01-12.22:37:00.004 [scheduling-1    ] INFO  NoPayNotifyOrderJob    - 任务；检测未接收到或未正确处理的支付回调通知
26-01-12.22:37:02.670 [SpringApplicationShutdownHook] INFO  HikariDataSource       - HikariPool-1 - Shutdown initiated...
26-01-12.22:37:02.683 [SpringApplicationShutdownHook] INFO  HikariDataSource       - HikariPool-1 - Shutdown completed.
